District,Month_ID,Cases
101,1,0.0
101,2,18.0
101,3,7.0
101,4,24.0
101,5,222.0
101,6,664.0
101,7,161.0
102,1,0.0
102,2,11.0
102,3,13.0
102,4,5.0
102,5,122.0
102,6,204.0
102,7,64.0
103,1,1.0
103,2,364.0
103,3,1139.0
103,4,644.0
103,5,993.0
103,6,2026.0
103,7,602.0
104,1,23.0
104,2,2158.0
104,3,16449.0
104,4,18382.0
104,5,11265.0
104,6,10023.0
104,7,1257.0
105,1,7.0
105,2,27.0
105,3,141.0
105,4,536.0
105,5,6843.0
105,6,29104.0
105,7,5835.0
106,1,1.0
106,2,0.0
106,3,1.0
106,4,78.0
106,5,257.0
106,6,589.0
106,7,104.0
107,1,5.0
107,2,118.0
107,3,478.0
107,4,320.0
107,5,2318.0
107,6,4762.0
107,7,794.0
108,1,0.0
108,2,24.0
108,3,902.0
108,4,1656.0
108,5,2074.0
108,6,2377.0
108,7,646.0
109,1,1.0
109,2,3.0
109,3,46.0
109,4,381.0
109,5,2294.0
109,6,6685.0
109,7,1787.0
110,1,0.0
110,2,13.0
110,3,209.0
110,4,580.0
110,5,1239.0
110,6,5074.0
110,7,1209.0
111,1,0.0
111,2,0.0
111,3,4.0
111,4,331.0
111,5,247.0
111,6,2849.0
111,7,1167.0
112,1,0.0
112,2,2.0
112,3,3.0
112,4,1.0
112,5,202.0
112,6,729.0
112,7,186.0
113,1,0.0
113,2,1.0
113,3,64.0
113,4,267.0
113,5,186.0
113,6,441.0
113,7,206.0
114,1,1.0
114,2,6.0
114,3,89.0
114,4,756.0
114,5,4707.0
114,6,8631.0
114,7,1412.0
115,1,1.0
115,2,12.0
115,3,71.0
115,4,518.0
115,5,2160.0
115,6,4350.0
115,7,962.0
116,1,0.0
116,2,0.0
116,3,84.0
116,4,143.0
116,5,182.0
116,6,1064.0
116,7,218.0
117,1,0.0
117,2,0.0
117,3,175.0
117,4,380.0
117,5,270.0
117,6,1344.0
117,7,375.0
118,1,0.0
118,2,10.0
118,3,328.0
118,4,648.0
118,5,2456.0
118,6,5737.0
118,7,1082.0
119,1,0.0
119,2,0.0
119,3,13.0
119,4,112.0
119,5,573.0
119,6,1485.0
119,7,275.0
120,1,2.0
120,2,11.0
120,3,648.0
120,4,1000.0
120,5,1571.0
120,6,4047.0
120,7,1140.0
121,1,0.0
121,2,25.0
121,3,66.0
121,4,136.0
121,5,687.0
121,6,1987.0
121,7,351.0
122,1,0.0
122,2,49.0
122,3,89.0
122,4,227.0
122,5,469.0
122,6,626.0
122,7,89.0
123,1,2.0
123,2,51.0
123,3,298.0
123,4,2133.0
123,5,18477.0
123,6,55090.0
123,7,7040.0
124,1,0.0
124,2,48.0
124,3,381.0
124,4,763.0
124,5,1121.0
124,6,1805.0
124,7,349.0
125,1,0.0
125,2,0.0
125,3,45.0
125,4,78.0
125,5,441.0
125,6,784.0
125,7,511.0
126,1,0.0
126,2,0.0
126,3,0.0
126,4,0.0
126,5,8.0
126,6,79.0
126,7,7.0
127,1,0.0
127,2,0.0
127,3,20.0
127,4,38.0
127,5,66.0
127,6,559.0
127,7,163.0
128,1,0.0
128,2,0.0
128,3,47.0
128,4,184.0
128,5,791.0
128,6,4389.0
128,7,865.0
129,1,0.0
129,2,18.0
129,3,194.0
129,4,180.0
129,5,199.0
129,6,169.0
129,7,54.0
130,1,0.0
130,2,5.0
130,3,710.0
130,4,160.0
130,5,809.0
130,6,3320.0
130,7,609.0
131,1,0.0
131,2,4.0
131,3,62.0
131,4,137.0
131,5,667.0
131,6,1643.0
131,7,161.0
132,1,0.0
132,2,0.0
132,3,15.0
132,4,69.0
132,5,89.0
132,6,204.0
132,7,72.0
133,1,0.0
133,2,10.0
133,3,34.0
133,4,134.0
133,5,356.0
133,6,1605.0
133,7,336.0
134,1,1.0
134,2,38.0
134,3,2485.0
134,4,5702.0
134,5,15819.0
134,6,22327.0
134,7,2826.0
135,1,0.0
135,2,1.0
135,3,146.0
135,4,326.0
135,5,1372.0
135,6,3761.0
135,7,1035.0
136,1,0.0
136,2,8.0
136,3,98.0
136,4,298.0
136,5,956.0
136,6,4271.0
136,7,580.0
137,1,0.0
137,2,0.0
137,3,0.0
137,4,0.0
137,5,0.0
137,6,0.0
137,7,0.0
138,1,0.0
138,2,24.0
138,3,117.0
138,4,166.0
138,5,2222.0
138,6,9140.0
138,7,1083.0
139,1,0.0
139,2,0.0
139,3,21.0
139,4,134.0
139,5,47.0
139,6,266.0
139,7,42.0
140,1,1.0
140,2,14.0
140,3,41.0
140,4,395.0
140,5,698.0
140,6,538.0
140,7,110.0
141,1,0.0
141,2,9.0
141,3,129.0
141,4,104.0
141,5,507.0
141,6,2972.0
141,7,450.0
142,1,0.0
142,2,0.0
142,3,7.0
142,4,79.0
142,5,420.0
142,6,434.0
142,7,200.0
143,1,0.0
143,2,0.0
143,3,7.0
143,4,36.0
143,5,161.0
143,6,318.0
143,7,112.0
144,1,0.0
144,2,0.0
144,3,86.0
144,4,247.0
144,5,390.0
144,6,2452.0
144,7,468.0
145,1,0.0
145,2,10.0
145,3,257.0
145,4,353.0
145,5,1064.0
145,6,4842.0
145,7,1068.0
146,1,3.0
146,2,10.0
146,3,45.0
146,4,1207.0
146,5,7919.0
146,6,28389.0
146,7,4332.0
147,1,0.0
147,2,0.0
147,3,62.0
147,4,145.0
147,5,2308.0
147,6,4960.0
147,7,548.0
148,1,0.0
148,2,0.0
148,3,38.0
148,4,51.0
148,5,88.0
148,6,474.0
148,7,333.0
149,1,0.0
149,2,0.0
149,3,27.0
149,4,441.0
149,5,257.0
149,6,712.0
149,7,359.0
150,1,0.0
150,2,1.0
150,3,82.0
150,4,286.0
150,5,413.0
150,6,1418.0
150,7,441.0
151,1,0.0
151,2,0.0
151,3,17.0
151,4,77.0
151,5,150.0
151,6,374.0
151,7,233.0
152,1,0.0
152,2,28.0
152,3,172.0
152,4,142.0
152,5,998.0
152,6,955.0
152,7,191.0
153,1,0.0
153,2,5.0
153,3,45.0
153,4,35.0
153,5,414.0
153,6,935.0
153,7,249.0
154,1,12.0
154,2,112.0
154,3,130.0
154,4,271.0
154,5,657.0
154,6,2442.0
154,7,319.0
155,1,0.0
155,2,2.0
155,3,161.0
155,4,272.0
155,5,616.0
155,6,2059.0
155,7,242.0
156,1,0.0
156,2,0.0
156,3,54.0
156,4,398.0
156,5,715.0
156,6,3434.0
156,7,879.0
157,1,0.0
157,2,62.0
157,3,71.0
157,4,23.0
157,5,148.0
157,6,625.0
157,7,197.0
158,1,0.0
158,2,1.0
158,3,285.0
158,4,301.0
158,5,1308.0
158,6,4271.0
158,7,988.0
159,1,1.0
159,2,61.0
159,3,232.0
159,4,918.0
159,5,2031.0
159,6,1844.0
159,7,312.0
160,1,0.0
160,2,0.0
160,3,18.0
160,4,109.0
160,5,111.0
160,6,724.0
160,7,305.0
161,1,6.0
161,2,0.0
161,3,61.0
161,4,330.0
161,5,2792.0
161,6,8420.0
161,7,1242.0
162,1,0.0
162,2,0.0
162,3,8.0
162,4,146.0
162,5,599.0
162,6,2590.0
162,7,1298.0
163,1,0.0
163,2,2.0
163,3,158.0
163,4,366.0
163,5,1677.0
163,6,2096.0
163,7,272.0
164,1,0.0
164,2,2.0
164,3,41.0
164,4,45.0
164,5,217.0
164,6,1511.0
164,7,319.0
165,1,0.0
165,2,0.0
165,3,39.0
165,4,166.0
165,5,1228.0
165,6,715.0
165,7,1.0
166,1,0.0
166,2,24.0
166,3,50.0
166,4,121.0
166,5,807.0
166,6,1126.0
166,7,143.0
167,1,0.0
167,2,0.0
167,3,2.0
167,4,12.0
167,5,309.0
167,6,880.0
167,7,269.0
168,1,0.0
168,2,23.0
168,3,189.0
168,4,446.0
168,5,786.0
168,6,2950.0
168,7,345.0
169,1,0.0
169,2,0.0
169,3,89.0
169,4,78.0
169,5,368.0
169,6,3536.0
169,7,810.0
170,1,0.0
170,2,1.0
170,3,58.0
170,4,152.0
170,5,834.0
170,6,7151.0
170,7,1236.0
171,1,0.0
171,2,9.0
171,3,310.0
171,4,475.0
171,5,2130.0
171,6,7227.0
171,7,564.0
172,1,0.0
172,2,52.0
172,3,178.0
172,4,381.0
172,5,3585.0
172,6,17117.0
172,7,3093.0
173,1,0.0
173,2,6.0
173,3,13.0
173,4,123.0
173,5,2562.0
173,6,6128.0
173,7,1339.0
174,1,37.0
174,2,87.0
174,3,394.0
174,4,4598.0
174,5,68278.0
174,6,147664.0
174,7,26901.0
175,1,0.0
175,2,1.0
175,3,28.0
175,4,69.0
175,5,302.0
175,6,776.0
175,7,213.0
176,1,0.0
176,2,1.0
176,3,48.0
176,4,182.0
176,5,637.0
176,6,1132.0
176,7,150.0
177,1,3.0
177,2,1.0
177,3,0.0
177,4,23.0
177,5,241.0
177,6,1471.0
177,7,466.0
178,1,1.0
178,2,15.0
178,3,187.0
178,4,244.0
178,5,644.0
178,6,3624.0
178,7,994.0
179,1,0.0
179,2,5.0
179,3,227.0
179,4,613.0
179,5,3682.0
179,6,5823.0
179,7,734.0
180,1,0.0
180,2,0.0
180,3,40.0
180,4,110.0
180,5,290.0
180,6,1284.0
180,7,648.0
181,1,0.0
181,2,110.0
181,3,267.0
181,4,2550.0
181,5,1806.0
181,6,2419.0
181,7,275.0
182,1,0.0
182,2,29.0
182,3,28.0
182,4,268.0
182,5,1142.0
182,6,1345.0
182,7,231.0
183,1,6.0
183,2,34.0
183,3,158.0
183,4,193.0
183,5,1938.0
183,6,2815.0
183,7,523.0
184,1,26.0
184,2,9.0
184,3,176.0
184,4,237.0
184,5,511.0
184,6,2970.0
184,7,203.0
185,1,0.0
185,2,0.0
185,3,68.0
185,4,293.0
185,5,514.0
185,6,296.0
185,7,60.0
186,1,0.0
186,2,3.0
186,3,34.0
186,4,504.0
186,5,977.0
186,6,1032.0
186,7,363.0
187,1,0.0
187,2,2.0
187,3,99.0
187,4,282.0
187,5,2239.0
187,6,4093.0
187,7,363.0
188,1,3.0
188,2,412.0
188,3,1802.0
188,4,2593.0
188,5,5372.0
188,6,8970.0
188,7,1878.0
189,1,0.0
189,2,14.0
189,3,174.0
189,4,915.0
189,5,2664.0
189,6,4755.0
189,7,710.0
190,1,0.0
190,2,0.0
190,3,0.0
190,4,1.0
190,5,130.0
190,6,511.0
190,7,178.0
191,1,0.0
191,2,28.0
191,3,132.0
191,4,344.0
191,5,775.0
191,6,1724.0
191,7,503.0
192,1,0.0
192,2,37.0
192,3,92.0
192,4,331.0
192,5,2948.0
192,6,4923.0
192,7,822.0
193,1,1.0
193,2,0.0
193,3,76.0
193,4,354.0
193,5,856.0
193,6,2165.0
193,7,1086.0
194,1,0.0
194,2,0.0
194,3,160.0
194,4,424.0
194,5,401.0
194,6,2579.0
194,7,771.0
195,1,0.0
195,2,0.0
195,3,0.0
195,4,138.0
195,5,8.0
195,6,112.0
195,7,45.0
196,1,0.0
196,2,0.0
196,3,13.0
196,4,61.0
196,5,245.0
196,6,527.0
196,7,0.0
197,1,0.0
197,2,10.0
197,3,22.0
197,4,38.0
197,5,331.0
197,6,2132.0
197,7,1025.0
198,1,0.0
198,2,0.0
198,3,6.0
198,4,20.0
198,5,752.0
198,6,1166.0
198,7,190.0
199,1,0.0
199,2,12.0
199,3,91.0
199,4,44.0
199,5,238.0
199,6,491.0
199,7,88.0
200,1,0.0
200,2,0.0
200,3,66.0
200,4,16.0
200,5,135.0
200,6,917.0
200,7,214.0
201,1,0.0
201,2,14.0
201,3,40.0
201,4,171.0
201,5,497.0
201,6,1886.0
201,7,498.0
202,1,1.0
202,2,37.0
202,3,146.0
202,4,842.0
202,5,1394.0
202,6,1755.0
202,7,398.0
203,1,3.0
203,2,22.0
203,3,68.0
203,4,304.0
203,5,1605.0
203,6,3620.0
203,7,1069.0
204,1,0.0
204,2,0.0
204,3,2.0
204,4,22.0
204,5,169.0
204,6,682.0
204,7,181.0
205,1,0.0
205,2,0.0
205,3,516.0
205,4,268.0
205,5,146.0
205,6,168.0
205,7,25.0
206,1,0.0
206,2,25.0
206,3,165.0
206,4,227.0
206,5,1171.0
206,6,4021.0
206,7,232.0
207,1,1.0
207,2,1.0
207,3,91.0
207,4,89.0
207,5,1944.0
207,6,5147.0
207,7,366.0
208,1,0.0
208,2,0.0
208,3,0.0
208,4,0.0
208,5,0.0
208,6,0.0
208,7,0.0
209,1,0.0
209,2,0.0
209,3,0.0
209,4,34.0
209,5,1042.0
209,6,3136.0
209,7,621.0
210,1,0.0
210,2,6.0
210,3,20.0
210,4,67.0
210,5,84.0
210,6,605.0
210,7,79.0
211,1,0.0
211,2,0.0
211,3,13.0
211,4,123.0
211,5,38.0
211,6,419.0
211,7,107.0
212,1,0.0
212,2,0.0
212,3,12.0
212,4,97.0
212,5,86.0
212,6,330.0
212,7,102.0
213,1,0.0
213,2,0.0
213,3,0.0
213,4,14.0
213,5,9.0
213,6,10.0
213,7,0.0
214,1,0.0
214,2,0.0
214,3,33.0
214,4,188.0
214,5,1259.0
214,6,2156.0
214,7,308.0
215,1,0.0
215,2,0.0
215,3,1.0
215,4,41.0
215,5,1.0
215,6,64.0
215,7,8.0
216,1,15.0
216,2,21.0
216,3,404.0
216,4,320.0
216,5,924.0
216,6,5109.0
216,7,2029.0
217,1,0.0
217,2,2.0
217,3,36.0
217,4,109.0
217,5,542.0
217,6,2794.0
217,7,1612.0
218,1,0.0
218,2,0.0
218,3,2.0
218,4,110.0
218,5,244.0
218,6,470.0
218,7,110.0
219,1,0.0
219,2,0.0
219,3,9.0
219,4,7.0
219,5,95.0
219,6,109.0
219,7,1.0
220,1,0.0
220,2,1.0
220,3,12.0
220,4,110.0
220,5,129.0
220,6,233.0
220,7,66.0
221,1,0.0
221,2,0.0
221,3,3.0
221,4,86.0
221,5,430.0
221,6,754.0
221,7,232.0
222,1,25.0
222,2,503.0
222,3,21684.0
222,4,71218.0
222,5,92789.0
222,6,71159.0
222,7,11991.0
223,1,0.0
223,2,0.0
223,3,22.0
223,4,87.0
223,5,465.0
223,6,549.0
223,7,140.0
224,1,0.0
224,2,5.0
224,3,7.0
224,4,73.0
224,5,179.0
224,6,546.0
224,7,111.0
225,1,0.0
225,2,13.0
225,3,37.0
225,4,38.0
225,5,169.0
225,6,301.0
225,7,69.0
226,1,8.0
226,2,10.0
226,3,146.0
226,4,198.0
226,5,2506.0
226,6,4682.0
226,7,1024.0
227,1,0.0
227,2,0.0
227,3,22.0
227,4,98.0
227,5,1325.0
227,6,5449.0
227,7,1461.0
228,1,0.0
228,2,0.0
228,3,32.0
228,4,20.0
228,5,106.0
228,6,343.0
228,7,0.0
229,1,1.0
229,2,0.0
229,3,46.0
229,4,59.0
229,5,739.0
229,6,3631.0
229,7,1319.0
230,1,0.0
230,2,0.0
230,3,55.0
230,4,120.0
230,5,184.0
230,6,776.0
230,7,240.0
231,1,1.0
231,2,72.0
231,3,350.0
231,4,983.0
231,5,14494.0
231,6,48509.0
231,7,9822.0
232,1,0.0
232,2,1.0
232,3,325.0
232,4,75.0
232,5,74.0
232,6,1108.0
232,7,216.0
233,1,0.0
233,2,0.0
233,3,20.0
233,4,188.0
233,5,171.0
233,6,86.0
233,7,40.0
234,1,1.0
234,2,13.0
234,3,139.0
234,4,395.0
234,5,619.0
234,6,583.0
234,7,187.0
235,1,1.0
235,2,140.0
235,3,25.0
235,4,461.0
235,5,7160.0
235,6,19363.0
235,7,4824.0
236,1,0.0
236,2,26.0
236,3,835.0
236,4,837.0
236,5,3262.0
236,6,14849.0
236,7,3755.0
237,1,0.0
237,2,1.0
237,3,135.0
237,4,895.0
237,5,2450.0
237,6,10145.0
237,7,3695.0
238,1,0.0
238,2,0.0
238,3,3.0
238,4,159.0
238,5,655.0
238,6,1264.0
238,7,167.0
239,1,0.0
239,2,4.0
239,3,56.0
239,4,43.0
239,5,614.0
239,6,1394.0
239,7,142.0
240,1,0.0
240,2,0.0
240,3,21.0
240,4,339.0
240,5,1714.0
240,6,5044.0
240,7,587.0
241,1,3.0
241,2,10.0
241,3,150.0
241,4,982.0
241,5,7336.0
241,6,14394.0
241,7,3369.0
242,1,0.0
242,2,0.0
242,3,0.0
242,4,119.0
242,5,826.0
242,6,1028.0
242,7,111.0
243,1,0.0
243,2,0.0
243,3,27.0
243,4,42.0
243,5,216.0
243,6,838.0
243,7,196.0
244,1,0.0
244,2,1.0
244,3,2.0
244,4,4.0
244,5,21.0
244,6,67.0
244,7,17.0
245,1,0.0
245,2,0.0
245,3,0.0
245,4,0.0
245,5,0.0
245,6,0.0
245,7,0.0
246,1,0.0
246,2,0.0
246,3,99.0
246,4,465.0
246,5,825.0
246,6,2838.0
246,7,349.0
247,1,0.0
247,2,0.0
247,3,27.0
247,4,724.0
247,5,2947.0
247,6,5674.0
247,7,907.0
248,1,0.0
248,2,0.0
248,3,10.0
248,4,92.0
248,5,1667.0
248,6,1937.0
248,7,3.0
249,1,0.0
249,2,0.0
249,3,14.0
249,4,32.0
249,5,341.0
249,6,817.0
249,7,204.0
250,1,0.0
250,2,21.0
250,3,63.0
250,4,176.0
250,5,321.0
250,6,526.0
250,7,103.0
251,1,2.0
251,2,0.0
251,3,273.0
251,4,303.0
251,5,2769.0
251,6,13330.0
251,7,2495.0
252,1,6.0
252,2,19.0
252,3,230.0
252,4,1048.0
252,5,1621.0
252,6,4116.0
252,7,1581.0
253,1,0.0
253,2,0.0
253,3,0.0
253,4,0.0
253,5,0.0
253,6,0.0
253,7,0.0
254,1,0.0
254,2,0.0
254,3,33.0
254,4,64.0
254,5,65.0
254,6,212.0
254,7,72.0
255,1,0.0
255,2,2.0
255,3,8.0
255,4,64.0
255,5,336.0
255,6,2029.0
255,7,313.0
256,1,0.0
256,2,0.0
256,3,116.0
256,4,261.0
256,5,1445.0
256,6,5146.0
256,7,780.0
257,1,0.0
257,2,0.0
257,3,24.0
257,4,15.0
257,5,44.0
257,6,313.0
257,7,171.0
258,1,0.0
258,2,23.0
258,3,123.0
258,4,255.0
258,5,411.0
258,6,483.0
258,7,123.0
259,1,0.0
259,2,0.0
259,3,343.0
259,4,78.0
259,5,769.0
259,6,733.0
259,7,431.0
260,1,0.0
260,2,0.0
260,3,3.0
260,4,13.0
260,5,57.0
260,6,395.0
260,7,360.0
261,1,0.0
261,2,2.0
261,3,54.0
261,4,223.0
261,5,464.0
261,6,4857.0
261,7,575.0
262,1,0.0
262,2,36.0
262,3,183.0
262,4,87.0
262,5,370.0
262,6,871.0
262,7,257.0
263,1,0.0
263,2,1.0
263,3,13.0
263,4,112.0
263,5,1145.0
263,6,1104.0
263,7,260.0
264,1,1.0
264,2,8.0
264,3,46.0
264,4,480.0
264,5,5420.0
264,6,14366.0
264,7,2441.0
265,1,0.0
265,2,0.0
265,3,14.0
265,4,88.0
265,5,286.0
265,6,555.0
265,7,1.0
266,1,0.0
266,2,1.0
266,3,19.0
266,4,115.0
266,5,298.0
266,6,2396.0
266,7,669.0
267,1,0.0
267,2,5.0
267,3,86.0
267,4,909.0
267,5,1276.0
267,6,1860.0
267,7,227.0
268,1,0.0
268,2,4.0
268,3,30.0
268,4,300.0
268,5,1065.0
268,6,1538.0
268,7,0.0
269,1,0.0
269,2,10.0
269,3,214.0
269,4,1461.0
269,5,3413.0
269,6,8847.0
269,7,2153.0
270,1,0.0
270,2,0.0
270,3,19.0
270,4,64.0
270,5,1736.0
270,6,6838.0
270,7,727.0
271,1,0.0
271,2,0.0
271,3,8.0
271,4,90.0
271,5,209.0
271,6,129.0
271,7,0.0
272,1,0.0
272,2,0.0
272,3,25.0
272,4,219.0
272,5,573.0
272,6,2559.0
272,7,173.0
273,1,0.0
273,2,79.0
273,3,110.0
273,4,539.0
273,5,4254.0
273,6,7213.0
273,7,1147.0
274,1,0.0
274,2,3.0
274,3,21.0
274,4,38.0
274,5,9.0
274,6,205.0
274,7,57.0
275,1,0.0
275,2,0.0
275,3,0.0
275,4,15.0
275,5,113.0
275,6,306.0
275,7,39.0
276,1,0.0
276,2,0.0
276,3,6.0
276,4,130.0
276,5,274.0
276,6,357.0
276,7,101.0
277,1,0.0
277,2,0.0
277,3,4.0
277,4,14.0
277,5,146.0
277,6,759.0
277,7,309.0
278,1,3.0
278,2,3.0
278,3,597.0
278,4,245.0
278,5,279.0
278,6,825.0
278,7,161.0
279,1,1.0
279,2,0.0
279,3,21.0
279,4,252.0
279,5,814.0
279,6,3547.0
279,7,1373.0
280,1,0.0
280,2,5.0
280,3,123.0
280,4,256.0
280,5,1804.0
280,6,7172.0
280,7,795.0
281,1,0.0
281,2,0.0
281,3,0.0
281,4,0.0
281,5,0.0
281,6,0.0
281,7,0.0
282,1,0.0
282,2,0.0
282,3,0.0
282,4,0.0
282,5,2.0
282,6,80.0
282,7,25.0
283,1,4.0
283,2,35.0
283,3,204.0
283,4,1217.0
283,5,25651.0
283,6,72909.0
283,7,15578.0
284,1,0.0
284,2,0.0
284,3,0.0
284,4,1.0
284,5,20.0
284,6,49.0
284,7,19.0
285,1,0.0
285,2,0.0
285,3,0.0
285,4,0.0
285,5,39.0
285,6,348.0
285,7,33.0
286,1,0.0
286,2,0.0
286,3,0.0
286,4,0.0
286,5,0.0
286,6,0.0
286,7,0.0
287,1,0.0
287,2,12.0
287,3,19.0
287,4,15.0
287,5,783.0
287,6,1478.0
287,7,613.0
288,1,0.0
288,2,0.0
288,3,0.0
288,4,20.0
288,5,83.0
288,6,332.0
288,7,63.0
289,1,0.0
289,2,0.0
289,3,0.0
289,4,53.0
289,5,591.0
289,6,1968.0
289,7,187.0
290,1,0.0
290,2,0.0
290,3,107.0
290,4,517.0
290,5,1915.0
290,6,9072.0
290,7,2763.0
291,1,18.0
291,2,4.0
291,3,33.0
291,4,276.0
291,5,2595.0
291,6,7289.0
291,7,1701.0
292,1,24.0
292,2,46.0
292,3,3.0
292,4,107.0
292,5,1021.0
292,6,3824.0
292,7,1149.0
293,1,0.0
293,2,3.0
293,3,45.0
293,4,153.0
293,5,280.0
293,6,1063.0
293,7,270.0
294,1,0.0
294,2,4.0
294,3,60.0
294,4,383.0
294,5,724.0
294,6,2387.0
294,7,618.0
295,1,6.0
295,2,39.0
295,3,448.0
295,4,5668.0
295,5,9870.0
295,6,8549.0
295,7,1580.0
296,1,0.0
296,2,3.0
296,3,116.0
296,4,72.0
296,5,338.0
296,6,1194.0
296,7,663.0
297,1,0.0
297,2,0.0
297,3,55.0
297,4,209.0
297,5,547.0
297,6,1403.0
297,7,321.0
298,1,0.0
298,2,1.0
298,3,20.0
298,4,181.0
298,5,323.0
298,6,1032.0
298,7,256.0
299,1,0.0
299,2,2.0
299,3,112.0
299,4,101.0
299,5,379.0
299,6,1398.0
299,7,202.0
300,1,0.0
300,2,0.0
300,3,70.0
300,4,174.0
300,5,524.0
300,6,1495.0
300,7,257.0
301,1,0.0
301,2,0.0
301,3,93.0
301,4,76.0
301,5,277.0
301,6,1019.0
301,7,277.0
302,1,0.0
302,2,1.0
302,3,86.0
302,4,66.0
302,5,474.0
302,6,2400.0
302,7,661.0
303,1,0.0
303,2,83.0
303,3,361.0
303,4,490.0
303,5,370.0
303,6,1293.0
303,7,390.0
304,1,0.0
304,2,4.0
304,3,44.0
304,4,184.0
304,5,1673.0
304,6,7270.0
304,7,1745.0
305,1,0.0
305,2,0.0
305,3,43.0
305,4,82.0
305,5,370.0
305,6,886.0
305,7,212.0
306,1,0.0
306,2,0.0
306,3,36.0
306,4,611.0
306,5,1568.0
306,6,3276.0
306,7,263.0
307,1,0.0
307,2,14.0
307,3,37.0
307,4,98.0
307,5,536.0
307,6,1737.0
307,7,501.0
308,1,11.0
308,2,14.0
308,3,383.0
308,4,715.0
308,5,1451.0
308,6,1906.0
308,7,309.0
309,1,0.0
309,2,0.0
309,3,6.0
309,4,76.0
309,5,255.0
309,6,814.0
309,7,96.0
310,1,0.0
310,2,0.0
310,3,753.0
310,4,1626.0
310,5,15429.0
310,6,16586.0
310,7,1882.0
311,1,0.0
311,2,3.0
311,3,104.0
311,4,117.0
311,5,454.0
311,6,1402.0
311,7,271.0
312,1,0.0
312,2,0.0
312,3,9.0
312,4,56.0
312,5,105.0
312,6,319.0
312,7,212.0
313,1,40.0
313,2,77.0
313,3,524.0
313,4,3089.0
313,5,5778.0
313,6,5255.0
313,7,1208.0
314,1,1.0
314,2,5.0
314,3,85.0
314,4,289.0
314,5,2981.0
314,6,5435.0
314,7,494.0
315,1,6.0
315,2,50.0
315,3,444.0
315,4,1865.0
315,5,6709.0
315,6,6138.0
315,7,1663.0
316,1,0.0
316,2,8.0
316,3,184.0
316,4,433.0
316,5,1094.0
316,6,3516.0
316,7,487.0
317,1,2.0
317,2,1.0
317,3,74.0
317,4,46.0
317,5,470.0
317,6,1208.0
317,7,124.0
318,1,0.0
318,2,1.0
318,3,21.0
318,4,158.0
318,5,618.0
318,6,2532.0
318,7,951.0
319,1,0.0
319,2,4.0
319,3,32.0
319,4,20.0
319,5,419.0
319,6,747.0
319,7,0.0
320,1,0.0
320,2,0.0
320,3,2.0
320,4,15.0
320,5,138.0
320,6,1409.0
320,7,115.0
321,1,0.0
321,2,1.0
321,3,171.0
321,4,172.0
321,5,1859.0
321,6,2067.0
321,7,0.0
322,1,0.0
322,2,1.0
322,3,36.0
322,4,223.0
322,5,1089.0
322,6,1368.0
322,7,298.0
323,1,0.0
323,2,1.0
323,3,100.0
323,4,194.0
323,5,707.0
323,6,3514.0
323,7,574.0
324,1,1.0
324,2,0.0
324,3,96.0
324,4,128.0
324,5,295.0
324,6,1845.0
324,7,887.0
325,1,1.0
325,2,11.0
325,3,156.0
325,4,266.0
325,5,1236.0
325,6,3355.0
325,7,476.0
326,1,0.0
326,2,0.0
326,3,103.0
326,4,459.0
326,5,2501.0
326,6,12859.0
326,7,2436.0
327,1,0.0
327,2,0.0
327,3,21.0
327,4,172.0
327,5,264.0
327,6,1053.0
327,7,210.0
328,1,0.0
328,2,0.0
328,3,4.0
328,4,21.0
328,5,105.0
328,6,394.0
328,7,84.0
329,1,9.0
329,2,203.0
329,3,498.0
329,4,1081.0
329,5,20819.0
329,6,41156.0
329,7,7371.0
330,1,0.0
330,2,3.0
330,3,261.0
330,4,132.0
330,5,463.0
330,6,3106.0
330,7,747.0
331,1,10.0
331,2,41.0
331,3,969.0
331,4,8339.0
331,5,7774.0
331,6,5695.0
331,7,1670.0
332,1,2.0
332,2,5.0
332,3,189.0
332,4,458.0
332,5,3281.0
332,6,5322.0
332,7,1414.0
333,1,0.0
333,2,1.0
333,3,33.0
333,4,50.0
333,5,1407.0
333,6,1262.0
333,7,1.0
334,1,0.0
334,2,0.0
334,3,150.0
334,4,377.0
334,5,543.0
334,6,1108.0
334,7,199.0
335,1,0.0
335,2,11.0
335,3,23.0
335,4,64.0
335,5,262.0
335,6,412.0
335,7,49.0
336,1,0.0
336,2,25.0
336,3,195.0
336,4,817.0
336,5,1232.0
336,6,995.0
336,7,215.0
337,1,0.0
337,2,0.0
337,3,5.0
337,4,48.0
337,5,303.0
337,6,435.0
337,7,109.0
338,1,0.0
338,2,2.0
338,3,61.0
338,4,349.0
338,5,1300.0
338,6,2790.0
338,7,644.0
339,1,0.0
339,2,7.0
339,3,64.0
339,4,481.0
339,5,1387.0
339,6,6341.0
339,7,1179.0
340,1,0.0
340,2,0.0
340,3,188.0
340,4,460.0
340,5,2434.0
340,6,10464.0
340,7,2647.0
341,1,0.0
341,2,4.0
341,3,40.0
341,4,259.0
341,5,188.0
341,6,553.0
341,7,180.0
342,1,0.0
342,2,0.0
342,3,17.0
342,4,132.0
342,5,1423.0
342,6,5811.0
342,7,1258.0
343,1,0.0
343,2,3.0
343,3,87.0
343,4,266.0
343,5,604.0
343,6,2104.0
343,7,366.0
344,1,0.0
344,2,8.0
344,3,231.0
344,4,269.0
344,5,475.0
344,6,1676.0
344,7,463.0
345,1,1.0
345,2,3.0
345,3,39.0
345,4,354.0
345,5,1164.0
345,6,2366.0
345,7,931.0
346,1,0.0
346,2,0.0
346,3,57.0
346,4,212.0
346,5,1081.0
346,6,1160.0
346,7,180.0
347,1,1.0
347,2,0.0
347,3,448.0
347,4,1281.0
347,5,4124.0
347,6,8385.0
347,7,1430.0
348,1,0.0
348,2,29.0
348,3,23.0
348,4,8.0
348,5,208.0
348,6,700.0
348,7,126.0
349,1,6.0
349,2,1.0
349,3,201.0
349,4,123.0
349,5,601.0
349,6,1753.0
349,7,634.0
350,1,1.0
350,2,0.0
350,3,1414.0
350,4,3126.0
350,5,8994.0
350,6,12037.0
350,7,1483.0
351,1,86.0
351,2,469.0
351,3,1069.0
351,4,11080.0
351,5,26082.0
351,6,12791.0
351,7,1848.0
352,1,5.0
352,2,15.0
352,3,26.0
352,4,110.0
352,5,1073.0
352,6,1923.0
352,7,280.0
353,1,0.0
353,2,1.0
353,3,5.0
353,4,51.0
353,5,68.0
353,6,441.0
353,7,61.0
354,1,1.0
354,2,0.0
354,3,14.0
354,4,127.0
354,5,230.0
354,6,1096.0
354,7,222.0
355,1,45.0
355,2,1131.0
355,3,3838.0
355,4,2821.0
355,5,4285.0
355,6,9644.0
355,7,2307.0
356,1,8.0
356,2,51.0
356,3,330.0
356,4,307.0
356,5,1267.0
356,6,5216.0
356,7,1204.0
357,1,0.0
357,2,0.0
357,3,98.0
357,4,376.0
357,5,819.0
357,6,1767.0
357,7,703.0
358,1,0.0
358,2,3.0
358,3,6.0
358,4,11.0
358,5,203.0
358,6,1705.0
358,7,445.0
359,1,17.0
359,2,789.0
359,3,2438.0
359,4,2364.0
359,5,3548.0
359,6,8109.0
359,7,2652.0
360,1,0.0
360,2,34.0
360,3,68.0
360,4,72.0
360,5,129.0
360,6,369.0
360,7,114.0
361,1,0.0
361,2,18.0
361,3,413.0
361,4,434.0
361,5,1390.0
361,6,4163.0
361,7,1444.0
362,1,5.0
362,2,64.0
362,3,360.0
362,4,713.0
362,5,2833.0
362,6,6907.0
362,7,1633.0
363,1,0.0
363,2,1.0
363,3,82.0
363,4,228.0
363,5,353.0
363,6,1673.0
363,7,334.0
364,1,1.0
364,2,8.0
364,3,915.0
364,4,4600.0
364,5,13164.0
364,6,28757.0
364,7,6269.0
365,1,0.0
365,2,4.0
365,3,176.0
365,4,722.0
365,5,2548.0
365,6,3964.0
365,7,935.0
366,1,0.0
366,2,0.0
366,3,225.0
366,4,301.0
366,5,1644.0
366,6,523.0
366,7,22.0
367,1,0.0
367,2,0.0
367,3,13.0
367,4,616.0
367,5,1632.0
367,6,4148.0
367,7,1040.0
368,1,7.0
368,2,17.0
368,3,125.0
368,4,458.0
368,5,1028.0
368,6,3704.0
368,7,1873.0
369,1,0.0
369,2,1.0
369,3,92.0
369,4,233.0
369,5,847.0
369,6,3762.0
369,7,1141.0
370,1,0.0
370,2,0.0
370,3,2.0
370,4,57.0
370,5,72.0
370,6,552.0
370,7,172.0
371,1,0.0
371,2,0.0
371,3,50.0
371,4,86.0
371,5,1173.0
371,6,1658.0
371,7,196.0
372,1,0.0
372,2,3.0
372,3,1.0
372,4,77.0
372,5,221.0
372,6,971.0
372,7,220.0
373,1,0.0
373,2,0.0
373,3,27.0
373,4,434.0
373,5,418.0
373,6,998.0
373,7,637.0
374,1,0.0
374,2,0.0
374,3,32.0
374,4,251.0
374,5,154.0
374,6,396.0
374,7,139.0
375,1,1.0
375,2,4.0
375,3,262.0
375,4,722.0
375,5,1907.0
375,6,4085.0
375,7,463.0
376,1,0.0
376,2,3.0
376,3,0.0
376,4,6.0
376,5,230.0
376,6,481.0
376,7,98.0
377,1,0.0
377,2,1.0
377,3,209.0
377,4,267.0
377,5,1020.0
377,6,2938.0
377,7,275.0
378,1,0.0
378,2,0.0
378,3,23.0
378,4,8.0
378,5,185.0
378,6,810.0
378,7,239.0
379,1,0.0
379,2,0.0
379,3,165.0
379,4,256.0
379,5,1102.0
379,6,747.0
379,7,275.0
380,1,0.0
380,2,30.0
380,3,258.0
380,4,422.0
380,5,252.0
380,6,1603.0
380,7,674.0
381,1,0.0
381,2,0.0
381,3,64.0
381,4,212.0
381,5,3246.0
381,6,4503.0
381,7,696.0
382,1,0.0
382,2,0.0
382,3,9.0
382,4,29.0
382,5,18.0
382,6,426.0
382,7,52.0
383,1,0.0
383,2,0.0
383,3,8.0
383,4,138.0
383,5,433.0
383,6,1498.0
383,7,618.0
384,1,8.0
384,2,34.0
384,3,139.0
384,4,469.0
384,5,480.0
384,6,873.0
384,7,155.0
385,1,0.0
385,2,2.0
385,3,50.0
385,4,137.0
385,5,293.0
385,6,529.0
385,7,194.0
386,1,0.0
386,2,0.0
386,3,0.0
386,4,5.0
386,5,110.0
386,6,10.0
386,7,9.0
387,1,7.0
387,2,357.0
387,3,2043.0
387,4,2521.0
387,5,6407.0
387,6,10543.0
387,7,1863.0
388,1,0.0
388,2,40.0
388,3,16.0
388,4,5.0
388,5,248.0
388,6,1489.0
388,7,166.0
389,1,0.0
389,2,8.0
389,3,33.0
389,4,174.0
389,5,2013.0
389,6,4328.0
389,7,4.0
390,1,0.0
390,2,0.0
390,3,54.0
390,4,98.0
390,5,1374.0
390,6,1756.0
390,7,305.0
391,1,0.0
391,2,0.0
391,3,31.0
391,4,173.0
391,5,157.0
391,6,330.0
391,7,187.0
392,1,0.0
392,2,14.0
392,3,98.0
392,4,216.0
392,5,504.0
392,6,1639.0
392,7,114.0
393,1,0.0
393,2,2.0
393,3,19.0
393,4,136.0
393,5,275.0
393,6,1293.0
393,7,487.0
394,1,0.0
394,2,0.0
394,3,0.0
394,4,114.0
394,5,63.0
394,6,53.0
394,7,7.0
395,1,3.0
395,2,34.0
395,3,351.0
395,4,2134.0
395,5,5558.0
395,6,13333.0
395,7,1835.0
396,1,0.0
396,2,2.0
396,3,31.0
396,4,102.0
396,5,176.0
396,6,2162.0
396,7,296.0
397,1,1.0
397,2,0.0
397,3,7.0
397,4,85.0
397,5,62.0
397,6,715.0
397,7,108.0
398,1,0.0
398,2,6.0
398,3,358.0
398,4,871.0
398,5,5223.0
398,6,4983.0
398,7,1183.0
399,1,0.0
399,2,11.0
399,3,0.0
399,4,29.0
399,5,509.0
399,6,1448.0
399,7,343.0
400,1,0.0
400,2,0.0
400,3,2.0
400,4,96.0
400,5,58.0
400,6,20.0
400,7,0.0
401,1,0.0
401,2,0.0
401,3,0.0
401,4,0.0
401,5,1.0
401,6,4.0
401,7,1.0
402,1,0.0
402,2,1.0
402,3,81.0
402,4,163.0
402,5,1321.0
402,6,4753.0
402,7,374.0
403,1,0.0
403,2,6.0
403,3,440.0
403,4,1634.0
403,5,22526.0
403,6,19356.0
403,7,3653.0
404,1,0.0
404,2,17.0
404,3,601.0
404,4,2174.0
404,5,12049.0
404,6,17939.0
404,7,2013.0
405,1,0.0
405,2,0.0
405,3,16.0
405,4,337.0
405,5,499.0
405,6,3274.0
405,7,417.0
406,1,0.0
406,2,0.0
406,3,0.0
406,4,156.0
406,5,153.0
406,6,41.0
406,7,9.0
407,1,3.0
407,2,2.0
407,3,110.0
407,4,313.0
407,5,366.0
407,6,709.0
407,7,228.0
408,1,0.0
408,2,7.0
408,3,78.0
408,4,340.0
408,5,923.0
408,6,1786.0
408,7,209.0
409,1,43.0
409,2,66.0
409,3,180.0
409,4,422.0
409,5,1563.0
409,6,3976.0
409,7,1192.0
410,1,0.0
410,2,0.0
410,3,26.0
410,4,85.0
410,5,242.0
410,6,1445.0
410,7,321.0
411,1,1.0
411,2,169.0
411,3,455.0
411,4,1345.0
411,5,5185.0
411,6,19159.0
411,7,3153.0
412,1,5.0
412,2,11.0
412,3,79.0
412,4,420.0
412,5,6867.0
412,6,10628.0
412,7,1321.0
413,1,0.0
413,2,3.0
413,3,57.0
413,4,97.0
413,5,252.0
413,6,1692.0
413,7,399.0
414,1,0.0
414,2,0.0
414,3,4.0
414,4,41.0
414,5,277.0
414,6,1245.0
414,7,190.0
415,1,0.0
415,2,3.0
415,3,22.0
415,4,145.0
415,5,371.0
415,6,531.0
415,7,68.0
416,1,2.0
416,2,3.0
416,3,38.0
416,4,1142.0
416,5,336.0
416,6,700.0
416,7,122.0
417,1,0.0
417,2,0.0
417,3,46.0
417,4,80.0
417,5,732.0
417,6,1140.0
417,7,180.0
418,1,3.0
418,2,16.0
418,3,1.0
418,4,80.0
418,5,1400.0
418,6,3252.0
418,7,701.0
419,1,0.0
419,2,6.0
419,3,61.0
419,4,441.0
419,5,1237.0
419,6,3059.0
419,7,1213.0
420,1,1.0
420,2,40.0
420,3,75.0
420,4,91.0
420,5,518.0
420,6,2025.0
420,7,458.0
421,1,108.0
421,2,66.0
421,3,127.0
421,4,315.0
421,5,1871.0
421,6,6047.0
421,7,1307.0
422,1,0.0
422,2,3.0
422,3,29.0
422,4,83.0
422,5,582.0
422,6,782.0
422,7,210.0
423,1,0.0
423,2,1.0
423,3,93.0
423,4,300.0
423,5,713.0
423,6,734.0
423,7,203.0
424,1,0.0
424,2,0.0
424,3,169.0
424,4,419.0
424,5,1290.0
424,6,6830.0
424,7,492.0
425,1,0.0
425,2,0.0
425,3,2.0
425,4,30.0
425,5,172.0
425,6,652.0
425,7,121.0
426,1,0.0
426,2,2.0
426,3,74.0
426,4,73.0
426,5,481.0
426,6,1028.0
426,7,222.0
427,1,0.0
427,2,2.0
427,3,143.0
427,4,318.0
427,5,410.0
427,6,1942.0
427,7,748.0
428,1,0.0
428,2,0.0
428,3,32.0
428,4,205.0
428,5,1084.0
428,6,2028.0
428,7,722.0
429,1,0.0
429,2,0.0
429,3,234.0
429,4,371.0
429,5,1299.0
429,6,2502.0
429,7,156.0
430,1,0.0
430,2,8.0
430,3,11.0
430,4,21.0
430,5,452.0
430,6,2501.0
430,7,716.0
431,1,0.0
431,2,36.0
431,3,378.0
431,4,136.0
431,5,572.0
431,6,606.0
431,7,129.0
432,1,0.0
432,2,63.0
432,3,155.0
432,4,300.0
432,5,766.0
432,6,1540.0
432,7,385.0
433,1,0.0
433,2,6.0
433,3,126.0
433,4,157.0
433,5,803.0
433,6,795.0
433,7,107.0
434,1,0.0
434,2,0.0
434,3,0.0
434,4,0.0
434,5,0.0
434,6,0.0
434,7,0.0
435,1,3.0
435,2,43.0
435,3,134.0
435,4,1249.0
435,5,4527.0
435,6,21413.0
435,7,6973.0
436,1,0.0
436,2,0.0
436,3,15.0
436,4,82.0
436,5,578.0
436,6,926.0
436,7,270.0
437,1,0.0
437,2,0.0
437,3,5.0
437,4,53.0
437,5,70.0
437,6,1116.0
437,7,212.0
438,1,0.0
438,2,0.0
438,3,0.0
438,4,11.0
438,5,68.0
438,6,60.0
438,7,34.0
439,1,0.0
439,2,0.0
439,3,0.0
439,4,4.0
439,5,4.0
439,6,12.0
439,7,0.0
440,1,0.0
440,2,0.0
440,3,78.0
440,4,227.0
440,5,839.0
440,6,2577.0
440,7,528.0
441,1,0.0
441,2,1.0
441,3,6.0
441,4,42.0
441,5,144.0
441,6,244.0
441,7,108.0
442,1,0.0
442,2,0.0
442,3,0.0
442,4,0.0
442,5,0.0
442,6,0.0
442,7,0.0
443,1,1.0
443,2,0.0
443,3,2.0
443,4,46.0
443,5,663.0
443,6,1888.0
443,7,370.0
444,1,0.0
444,2,1.0
444,3,66.0
444,4,267.0
444,5,537.0
444,6,1513.0
444,7,396.0
445,1,0.0
445,2,0.0
445,3,16.0
445,4,63.0
445,5,407.0
445,6,1462.0
445,7,297.0
446,1,0.0
446,2,0.0
446,3,50.0
446,4,46.0
446,5,470.0
446,6,202.0
446,7,2.0
447,1,0.0
447,2,0.0
447,3,28.0
447,4,149.0
447,5,1663.0
447,6,4358.0
447,7,907.0
448,1,0.0
448,2,0.0
448,3,0.0
448,4,22.0
448,5,4.0
448,6,211.0
448,7,44.0
449,1,2.0
449,2,7.0
449,3,595.0
449,4,957.0
449,5,5187.0
449,6,31421.0
449,7,5712.0
450,1,11.0
450,2,0.0
450,3,3052.0
450,4,6880.0
450,5,26789.0
450,6,38700.0
450,7,5318.0
451,1,3.0
451,2,11.0
451,3,55.0
451,4,429.0
451,5,2306.0
451,6,4407.0
451,7,1075.0
452,1,0.0
452,2,4.0
452,3,2.0
452,4,17.0
452,5,48.0
452,6,279.0
452,7,87.0
453,1,0.0
453,2,0.0
453,3,0.0
453,4,6.0
453,5,138.0
453,6,393.0
453,7,156.0
454,1,0.0
454,2,0.0
454,3,0.0
454,4,0.0
454,5,0.0
454,6,0.0
454,7,0.0
455,1,0.0
455,2,0.0
455,3,6.0
455,4,106.0
455,5,1580.0
455,6,9446.0
455,7,2088.0
456,1,0.0
456,2,0.0
456,3,8.0
456,4,63.0
456,5,962.0
456,6,5218.0
456,7,1094.0
457,1,1.0
457,2,27.0
457,3,23.0
457,4,524.0
457,5,205.0
457,6,490.0
457,7,349.0
458,1,0.0
458,2,0.0
458,3,30.0
458,4,83.0
458,5,105.0
458,6,435.0
458,7,182.0
459,1,0.0
459,2,158.0
459,3,524.0
459,4,386.0
459,5,1543.0
459,6,6219.0
459,7,1233.0
460,1,1.0
460,2,11.0
460,3,48.0
460,4,274.0
460,5,1513.0
460,6,4725.0
460,7,1203.0
461,1,6.0
461,2,18.0
461,3,59.0
461,4,360.0
461,5,1785.0
461,6,7086.0
461,7,1986.0
462,1,0.0
462,2,0.0
462,3,0.0
462,4,0.0
462,5,0.0
462,6,2.0
462,7,3.0
463,1,5.0
463,2,175.0
463,3,525.0
463,4,1319.0
463,5,9515.0
463,6,18642.0
463,7,3118.0
464,1,0.0
464,2,0.0
464,3,50.0
464,4,143.0
464,5,1280.0
464,6,2437.0
464,7,552.0
465,1,0.0
465,2,6.0
465,3,312.0
465,4,1106.0
465,5,1304.0
465,6,928.0
465,7,189.0
466,1,0.0
466,2,0.0
466,3,3.0
466,4,7.0
466,5,42.0
466,6,463.0
466,7,21.0
467,1,0.0
467,2,47.0
467,3,276.0
467,4,606.0
467,5,1001.0
467,6,1659.0
467,7,329.0
468,1,1.0
468,2,278.0
468,3,867.0
468,4,1693.0
468,5,22121.0
468,6,57869.0
468,7,6755.0
469,1,0.0
469,2,2.0
469,3,42.0
469,4,181.0
469,5,445.0
469,6,2184.0
469,7,688.0
470,1,0.0
470,2,0.0
470,3,0.0
470,4,0.0
470,5,0.0
470,6,0.0
470,7,7.0
471,1,0.0
471,2,0.0
471,3,26.0
471,4,176.0
471,5,840.0
471,6,4342.0
471,7,865.0
472,1,1.0
472,2,5.0
472,3,118.0
472,4,141.0
472,5,593.0
472,6,1404.0
472,7,197.0
473,1,0.0
473,2,0.0
473,3,0.0
473,4,2.0
473,5,6.0
473,6,7.0
473,7,0.0
474,1,1.0
474,2,3.0
474,3,76.0
474,4,108.0
474,5,501.0
474,6,3399.0
474,7,531.0
475,1,1.0
475,2,0.0
475,3,50.0
475,4,161.0
475,5,1085.0
475,6,2061.0
475,7,248.0
476,1,0.0
476,2,0.0
476,3,4.0
476,4,10.0
476,5,357.0
476,6,1781.0
476,7,442.0
477,1,0.0
477,2,0.0
477,3,14.0
477,4,100.0
477,5,272.0
477,6,1230.0
477,7,186.0
478,1,0.0
478,2,9.0
478,3,167.0
478,4,354.0
478,5,2636.0
478,6,10130.0
478,7,2534.0
479,1,0.0
479,2,0.0
479,3,0.0
479,4,16.0
479,5,25.0
479,6,11.0
479,7,7.0
480,1,8.0
480,2,4.0
480,3,47.0
480,4,360.0
480,5,551.0
480,6,1411.0
480,7,447.0
481,1,0.0
481,2,0.0
481,3,0.0
481,4,1.0
481,5,22.0
481,6,30.0
481,7,34.0
482,1,0.0
482,2,0.0
482,3,6.0
482,4,104.0
482,5,292.0
482,6,697.0
482,7,161.0
483,1,0.0
483,2,1.0
483,3,0.0
483,4,6.0
483,5,20.0
483,6,231.0
483,7,33.0
484,1,0.0
484,2,0.0
484,3,0.0
484,4,5.0
484,5,16.0
484,6,20.0
484,7,25.0
485,1,0.0
485,2,0.0
485,3,0.0
485,4,2.0
485,5,8.0
485,6,3.0
485,7,1.0
486,1,0.0
486,2,0.0
486,3,0.0
486,4,5.0
486,5,28.0
486,6,54.0
486,7,26.0
487,1,0.0
487,2,0.0
487,3,0.0
487,4,1.0
487,5,34.0
487,6,168.0
487,7,14.0
488,1,0.0
488,2,0.0
488,3,0.0
488,4,0.0
488,5,61.0
488,6,32.0
488,7,15.0
489,1,8.0
489,2,183.0
489,3,430.0
489,4,1158.0
489,5,10231.0
489,6,35607.0
489,7,7109.0
490,1,2.0
490,2,15.0
490,3,295.0
490,4,1084.0
490,5,3842.0
490,6,14131.0
490,7,2052.0
491,1,0.0
491,2,0.0
491,3,0.0
491,4,92.0
491,5,31.0
491,6,99.0
491,7,13.0
492,1,0.0
492,2,1.0
492,3,113.0
492,4,234.0
492,5,804.0
492,6,2704.0
492,7,387.0
493,1,0.0
493,2,0.0
493,3,247.0
493,4,505.0
493,5,1066.0
493,6,6543.0
493,7,887.0
494,1,6.0
494,2,69.0
494,3,321.0
494,4,2965.0
494,5,16263.0
494,6,7772.0
494,7,973.0
495,1,0.0
495,2,1.0
495,3,0.0
495,4,13.0
495,5,420.0
495,6,1163.0
495,7,312.0
496,1,0.0
496,2,11.0
496,3,5.0
496,4,54.0
496,5,568.0
496,6,1376.0
496,7,251.0
497,1,0.0
497,2,6.0
497,3,66.0
497,4,221.0
497,5,820.0
497,6,3749.0
497,7,855.0
498,1,0.0
498,2,0.0
498,3,19.0
498,4,150.0
498,5,76.0
498,6,638.0
498,7,384.0
499,1,1.0
499,2,0.0
499,3,6.0
499,4,17.0
499,5,23.0
499,6,39.0
499,7,21.0
500,1,0.0
500,2,0.0
500,3,60.0
500,4,375.0
500,5,1005.0
500,6,1678.0
500,7,482.0
501,1,0.0
501,2,13.0
501,3,142.0
501,4,94.0
501,5,300.0
501,6,630.0
501,7,89.0
502,1,0.0
502,2,0.0
502,3,16.0
502,4,86.0
502,5,343.0
502,6,440.0
502,7,107.0
503,1,0.0
503,2,5.0
503,3,67.0
503,4,381.0
503,5,834.0
503,6,1457.0
503,7,278.0
504,1,0.0
504,2,0.0
504,3,0.0
504,4,21.0
504,5,58.0
504,6,167.0
504,7,0.0
505,1,10.0
505,2,12.0
505,3,102.0
505,4,638.0
505,5,2624.0
505,6,12659.0
505,7,2635.0
506,1,0.0
506,2,0.0
506,3,179.0
506,4,837.0
506,5,3230.0
506,6,5249.0
506,7,490.0
507,1,0.0
507,2,0.0
507,3,23.0
507,4,125.0
507,5,720.0
507,6,3340.0
507,7,548.0
508,1,0.0
508,2,0.0
508,3,0.0
508,4,29.0
508,5,13.0
508,6,12.0
508,7,3.0
509,1,0.0
509,2,0.0
509,3,0.0
509,4,58.0
509,5,286.0
509,6,1466.0
509,7,392.0
510,1,0.0
510,2,0.0
510,3,18.0
510,4,35.0
510,5,158.0
510,6,560.0
510,7,69.0
511,1,0.0
511,2,0.0
511,3,6.0
511,4,5.0
511,5,28.0
511,6,256.0
511,7,141.0
512,1,0.0
512,2,9.0
512,3,163.0
512,4,43.0
512,5,553.0
512,6,701.0
512,7,207.0
513,1,0.0
513,2,16.0
513,3,309.0
513,4,424.0
513,5,1777.0
513,6,6717.0
513,7,1801.0
514,1,0.0
514,2,13.0
514,3,48.0
514,4,24.0
514,5,105.0
514,6,724.0
514,7,331.0
515,1,0.0
515,2,0.0
515,3,0.0
515,4,0.0
515,5,0.0
515,6,0.0
515,7,0.0
516,1,0.0
516,2,10.0
516,3,128.0
516,4,428.0
516,5,925.0
516,6,2488.0
516,7,530.0
517,1,0.0
517,2,1.0
517,3,29.0
517,4,174.0
517,5,643.0
517,6,1760.0
517,7,365.0
518,1,0.0
518,2,0.0
518,3,39.0
518,4,312.0
518,5,771.0
518,6,4387.0
518,7,1951.0
519,1,0.0
519,2,5.0
519,3,6.0
519,4,46.0
519,5,503.0
519,6,765.0
519,7,194.0
520,1,1.0
520,2,8.0
520,3,26.0
520,4,525.0
520,5,2715.0
520,6,3801.0
520,7,766.0
521,1,19.0
521,2,70.0
521,3,627.0
521,4,979.0
521,5,2348.0
521,6,3249.0
521,7,1084.0
522,1,1.0
522,2,6.0
522,3,176.0
522,4,236.0
522,5,834.0
522,6,1472.0
522,7,163.0
523,1,0.0
523,2,5.0
523,3,53.0
523,4,105.0
523,5,909.0
523,6,1957.0
523,7,228.0
524,1,0.0
524,2,4.0
524,3,114.0
524,4,62.0
524,5,365.0
524,6,1723.0
524,7,383.0
525,1,0.0
525,2,0.0
525,3,0.0
525,4,1.0
525,5,24.0
525,6,22.0
525,7,2.0
526,1,0.0
526,2,0.0
526,3,0.0
526,4,63.0
526,5,174.0
526,6,328.0
526,7,47.0
527,1,1.0
527,2,104.0
527,3,277.0
527,4,407.0
527,5,2078.0
527,6,5868.0
527,7,1328.0
528,1,0.0
528,2,1.0
528,3,5.0
528,4,25.0
528,5,429.0
528,6,1202.0
528,7,189.0
529,1,0.0
529,2,13.0
529,3,134.0
529,4,411.0
529,5,2446.0
529,6,1017.0
529,7,133.0
530,1,0.0
530,2,2.0
530,3,0.0
530,4,14.0
530,5,197.0
530,6,516.0
530,7,131.0
531,1,139.0
531,2,3005.0
531,3,49313.0
531,4,68644.0
531,5,81613.0
531,6,63873.0
531,7,13387.0
532,1,0.0
532,2,0.0
532,3,0.0
532,4,0.0
532,5,0.0
532,6,0.0
532,7,0.0
533,1,0.0
533,2,0.0
533,3,83.0
533,4,161.0
533,5,92.0
533,6,225.0
533,7,148.0
534,1,7.0
534,2,61.0
534,3,173.0
534,4,376.0
534,5,1266.0
534,6,2620.0
534,7,181.0
535,1,0.0
535,2,0.0
535,3,139.0
535,4,278.0
535,5,972.0
535,6,4791.0
535,7,726.0
536,1,0.0
536,2,21.0
536,3,73.0
536,4,406.0
536,5,885.0
536,6,2113.0
536,7,671.0
537,1,0.0
537,2,0.0
537,3,92.0
537,4,456.0
537,5,3015.0
537,6,7477.0
537,7,987.0
538,1,13.0
538,2,74.0
538,3,33.0
538,4,263.0
538,5,5429.0
538,6,25270.0
538,7,4810.0
539,1,0.0
539,2,0.0
539,3,2.0
539,4,53.0
539,5,389.0
539,6,1462.0
539,7,425.0
540,1,5.0
540,2,0.0
540,3,100.0
540,4,455.0
540,5,1151.0
540,6,5080.0
540,7,1101.0
541,1,0.0
541,2,0.0
541,3,41.0
541,4,315.0
541,5,2419.0
541,6,4020.0
541,7,238.0
542,1,0.0
542,2,44.0
542,3,32.0
542,4,316.0
542,5,808.0
542,6,3357.0
542,7,838.0
543,1,0.0
543,2,2.0
543,3,1.0
543,4,20.0
543,5,409.0
543,6,917.0
543,7,222.0
544,1,0.0
544,2,113.0
544,3,558.0
544,4,551.0
544,5,1428.0
544,6,1980.0
544,7,236.0
545,1,12.0
545,2,77.0
545,3,764.0
545,4,1709.0
545,5,4212.0
545,6,37544.0
545,7,11546.0
546,1,0.0
546,2,10.0
546,3,275.0
546,4,535.0
546,5,971.0
546,6,2878.0
546,7,844.0
547,1,1.0
547,2,33.0
547,3,145.0
547,4,217.0
547,5,3035.0
547,6,5351.0
547,7,434.0
548,1,0.0
548,2,3.0
548,3,17.0
548,4,12.0
548,5,650.0
548,6,1096.0
548,7,2.0
549,1,0.0
549,2,15.0
549,3,2.0
549,4,60.0
549,5,904.0
549,6,2395.0
549,7,827.0
550,1,18.0
550,2,41.0
550,3,46.0
550,4,45.0
550,5,869.0
550,6,2636.0
550,7,729.0
551,1,0.0
551,2,0.0
551,3,0.0
551,4,15.0
551,5,132.0
551,6,243.0
551,7,12.0
552,1,0.0
552,2,1.0
552,3,200.0
552,4,386.0
552,5,1928.0
552,6,8237.0
552,7,2674.0
553,1,0.0
553,2,6.0
553,3,46.0
553,4,197.0
553,5,820.0
553,6,3120.0
553,7,859.0
554,1,0.0
554,2,0.0
554,3,1.0
554,4,1.0
554,5,88.0
554,6,302.0
554,7,83.0
555,1,0.0
555,2,0.0
555,3,0.0
555,4,20.0
555,5,330.0
555,6,547.0
555,7,181.0
556,1,0.0
556,2,12.0
556,3,9.0
556,4,103.0
556,5,434.0
556,6,584.0
556,7,125.0
557,1,0.0
557,2,0.0
557,3,10.0
557,4,48.0
557,5,203.0
557,6,464.0
557,7,181.0
558,1,1.0
558,2,67.0
558,3,1896.0
558,4,4587.0
558,5,17463.0
558,6,43913.0
558,7,11037.0
559,1,0.0
559,2,3.0
559,3,31.0
559,4,107.0
559,5,788.0
559,6,755.0
559,7,112.0
560,1,0.0
560,2,3.0
560,3,118.0
560,4,408.0
560,5,1890.0
560,6,1671.0
560,7,289.0
561,1,0.0
561,2,0.0
561,3,86.0
561,4,184.0
561,5,734.0
561,6,4181.0
561,7,936.0
562,1,0.0
562,2,0.0
562,3,264.0
562,4,604.0
562,5,398.0
562,6,959.0
562,7,172.0
563,1,2.0
563,2,2.0
563,3,0.0
563,4,0.0
563,5,0.0
563,6,0.0
563,7,0.0
564,1,0.0
564,2,9.0
564,3,11.0
564,4,95.0
564,5,1288.0
564,6,1503.0
564,7,447.0
565,1,0.0
565,2,17.0
565,3,3.0
565,4,9.0
565,5,57.0
565,6,628.0
565,7,161.0
566,1,0.0
566,2,0.0
566,3,1.0
566,4,16.0
566,5,50.0
566,6,226.0
566,7,74.0
567,1,0.0
567,2,62.0
567,3,4.0
567,4,24.0
567,5,650.0
567,6,2618.0
567,7,499.0
568,1,0.0
568,2,0.0
568,3,0.0
568,4,0.0
568,5,0.0
568,6,0.0
568,7,0.0
569,1,0.0
569,2,0.0
569,3,3.0
569,4,39.0
569,5,1.0
569,6,36.0
569,7,6.0
570,1,4.0
570,2,0.0
570,3,1005.0
570,4,3657.0
570,5,20586.0
570,6,37453.0
570,7,6487.0
571,1,2.0
571,2,0.0
571,3,0.0
571,4,0.0
571,5,0.0
571,6,0.0
571,7,0.0
572,1,1.0
572,2,0.0
572,3,0.0
572,4,0.0
572,5,0.0
572,6,0.0
572,7,0.0
573,1,0.0
573,2,0.0
573,3,1.0
573,4,1.0
573,5,4.0
573,6,26.0
573,7,9.0
574,1,3.0
574,2,1.0
574,3,0.0
574,4,126.0
574,5,1327.0
574,6,2237.0
574,7,0.0
575,1,0.0
575,2,0.0
575,3,0.0
575,4,1.0
575,5,1.0
575,6,0.0
575,7,0.0
576,1,0.0
576,2,1.0
576,3,11.0
576,4,27.0
576,5,581.0
576,6,1178.0
576,7,308.0
577,1,3.0
577,2,0.0
577,3,1.0
577,4,0.0
577,5,0.0
577,6,0.0
577,7,0.0
578,1,0.0
578,2,0.0
578,3,30.0
578,4,130.0
578,5,81.0
578,6,543.0
578,7,439.0
579,1,0.0
579,2,57.0
579,3,27.0
579,4,218.0
579,5,667.0
579,6,383.0
579,7,122.0
580,1,0.0
580,2,3.0
580,3,87.0
580,4,303.0
580,5,1140.0
580,6,8459.0
580,7,1804.0
581,1,0.0
581,2,0.0
581,3,0.0
581,4,3.0
581,5,0.0
581,6,26.0
581,7,22.0
582,1,0.0
582,2,0.0
582,3,5.0
582,4,59.0
582,5,259.0
582,6,589.0
582,7,82.0
583,1,5.0
583,2,7.0
583,3,185.0
583,4,610.0
583,5,2218.0
583,6,5480.0
583,7,797.0
584,1,0.0
584,2,3.0
584,3,30.0
584,4,72.0
584,5,572.0
584,6,2370.0
584,7,328.0
585,1,5.0
585,2,90.0
585,3,1219.0
585,4,7161.0
585,5,16682.0
585,6,19024.0
585,7,5300.0
586,1,1.0
586,2,3.0
586,3,653.0
586,4,1389.0
586,5,2787.0
586,6,2988.0
586,7,381.0
587,1,1.0
587,2,33.0
587,3,34.0
587,4,455.0
587,5,1104.0
587,6,1257.0
587,7,189.0
588,1,2.0
588,2,16.0
588,3,17.0
588,4,145.0
588,5,632.0
588,6,2861.0
588,7,1022.0
589,1,0.0
589,2,17.0
589,3,130.0
589,4,158.0
589,5,468.0
589,6,1729.0
589,7,313.0
590,1,4.0
590,2,8.0
590,3,84.0
590,4,210.0
590,5,1420.0
590,6,4454.0
590,7,1392.0
591,1,0.0
591,2,0.0
591,3,19.0
591,4,41.0
591,5,115.0
591,6,311.0
591,7,60.0
592,1,0.0
592,2,0.0
592,3,1.0
592,4,57.0
592,5,1347.0
592,6,1126.0
592,7,416.0
593,1,0.0
593,2,1.0
593,3,65.0
593,4,113.0
593,5,821.0
593,6,2934.0
593,7,1200.0
594,1,0.0
594,2,0.0
594,3,69.0
594,4,184.0
594,5,1080.0
594,6,5277.0
594,7,1063.0
595,1,0.0
595,2,0.0
595,3,62.0
595,4,639.0
595,5,1365.0
595,6,5912.0
595,7,1704.0
596,1,0.0
596,2,17.0
596,3,118.0
596,4,189.0
596,5,633.0
596,6,1000.0
596,7,191.0
597,1,3.0
597,2,5.0
597,3,35.0
597,4,351.0
597,5,1998.0
597,6,3443.0
597,7,907.0
598,1,0.0
598,2,25.0
598,3,59.0
598,4,302.0
598,5,298.0
598,6,1467.0
598,7,317.0
599,1,0.0
599,2,61.0
599,3,158.0
599,4,281.0
599,5,2169.0
599,6,8330.0
599,7,1807.0
600,1,5.0
600,2,28.0
600,3,306.0
600,4,734.0
600,5,13034.0
600,6,25838.0
600,7,2580.0
601,1,1.0
601,2,0.0
601,3,36.0
601,4,201.0
601,5,158.0
601,6,469.0
601,7,280.0
602,1,0.0
602,2,2.0
602,3,0.0
602,4,4.0
602,5,447.0
602,6,1753.0
602,7,367.0
603,1,0.0
603,2,7.0
603,3,279.0
603,4,47.0
603,5,429.0
603,6,1736.0
603,7,237.0
604,1,0.0
604,2,0.0
604,3,0.0
604,4,171.0
604,5,473.0
604,6,51.0
604,7,1.0
605,1,0.0
605,2,0.0
605,3,0.0
605,4,2.0
605,5,43.0
605,6,20.0
605,7,1.0
606,1,0.0
606,2,0.0
606,3,0.0
606,4,47.0
606,5,0.0
606,6,1.0
606,7,0.0
607,1,2.0
607,2,0.0
607,3,74.0
607,4,157.0
607,5,730.0
607,6,3122.0
607,7,556.0
608,1,0.0
608,2,0.0
608,3,21.0
608,4,96.0
608,5,96.0
608,6,341.0
608,7,80.0
609,1,1.0
609,2,2.0
609,3,10.0
609,4,15.0
609,5,78.0
609,6,502.0
609,7,14.0
610,1,11.0
610,2,45.0
610,3,64.0
610,4,427.0
610,5,7307.0
610,6,27631.0
610,7,6941.0
611,1,2.0
611,2,6.0
611,3,129.0
611,4,110.0
611,5,665.0
611,6,2868.0
611,7,644.0
612,1,0.0
612,2,4.0
612,3,151.0
612,4,336.0
612,5,2856.0
612,6,12841.0
612,7,2883.0
613,1,0.0
613,2,7.0
613,3,72.0
613,4,863.0
613,5,4157.0
613,6,15966.0
613,7,3504.0
614,1,0.0
614,2,1.0
614,3,42.0
614,4,231.0
614,5,3239.0
614,6,7404.0
614,7,1271.0
615,1,0.0
615,2,3.0
615,3,76.0
615,4,628.0
615,5,1623.0
615,6,2578.0
615,7,329.0
616,1,0.0
616,2,0.0
616,3,38.0
616,4,188.0
616,5,127.0
616,6,392.0
616,7,109.0
617,1,38.0
617,2,658.0
617,3,10363.0
617,4,22425.0
617,5,94292.0
617,6,168857.0
617,7,33849.0
618,1,0.0
618,2,0.0
618,3,116.0
618,4,208.0
618,5,1069.0
618,6,3685.0
618,7,584.0
619,1,3.0
619,2,0.0
619,3,118.0
619,4,434.0
619,5,2057.0
619,6,8538.0
619,7,1704.0
620,1,0.0
620,2,1.0
620,3,136.0
620,4,332.0
620,5,667.0
620,6,5089.0
620,7,1360.0
621,1,0.0
621,2,0.0
621,3,96.0
621,4,468.0
621,5,1416.0
621,6,5507.0
621,7,729.0
622,1,0.0
622,2,0.0
622,3,7.0
622,4,170.0
622,5,224.0
622,6,1820.0
622,7,626.0
623,1,0.0
623,2,43.0
623,3,87.0
623,4,122.0
623,5,609.0
623,6,1677.0
623,7,374.0
624,1,0.0
624,2,0.0
624,3,220.0
624,4,672.0
624,5,2769.0
624,6,9261.0
624,7,1592.0
625,1,1.0
625,2,48.0
625,3,1622.0
625,4,4767.0
625,5,21286.0
625,6,27450.0
625,7,5390.0
626,1,0.0
626,2,0.0
626,3,13.0
626,4,197.0
626,5,189.0
626,6,2225.0
626,7,1077.0
627,1,5.0
627,2,1.0
627,3,13.0
627,4,499.0
627,5,4015.0
627,6,12298.0
627,7,5068.0
628,1,0.0
628,2,27.0
628,3,77.0
628,4,70.0
628,5,363.0
628,6,666.0
628,7,121.0
629,1,0.0
629,2,3.0
629,3,2.0
629,4,21.0
629,5,390.0
629,6,1217.0
629,7,258.0
630,1,0.0
630,2,0.0
630,3,11.0
630,4,135.0
630,5,330.0
630,6,977.0
630,7,161.0
631,1,10.0
631,2,35.0
631,3,109.0
631,4,218.0
631,5,2322.0
631,6,4853.0
631,7,1154.0
632,1,1.0
632,2,0.0
632,3,36.0
632,4,448.0
632,5,740.0
632,6,2353.0
632,7,1179.0
633,1,3.0
633,2,1.0
633,3,28.0
633,4,140.0
633,5,748.0
633,6,754.0
633,7,116.0
634,1,0.0
634,2,1.0
634,3,213.0
634,4,240.0
634,5,680.0
634,6,1120.0
634,7,147.0
635,1,0.0
635,2,0.0
635,3,1.0
635,4,238.0
635,5,1132.0
635,6,4362.0
635,7,698.0
636,1,0.0
636,2,15.0
636,3,97.0
636,4,968.0
636,5,4792.0
636,6,3185.0
636,7,432.0
637,1,0.0
637,2,1.0
637,3,105.0
637,4,299.0
637,5,491.0
637,6,414.0
637,7,52.0
638,1,0.0
638,2,0.0
638,3,25.0
638,4,218.0
638,5,322.0
638,6,1883.0
638,7,954.0
639,1,0.0
639,2,20.0
639,3,232.0
639,4,387.0
639,5,956.0
639,6,4075.0
639,7,901.0
640,1,1.0
640,2,54.0
640,3,146.0
640,4,161.0
640,5,2291.0
640,6,9776.0
640,7,4443.0
641,1,2.0
641,2,25.0
641,3,89.0
641,4,974.0
641,5,4312.0
641,6,5016.0
641,7,1017.0
642,1,0.0
642,2,15.0
642,3,52.0
642,4,229.0
642,5,479.0
642,6,1018.0
642,7,275.0
643,1,1.0
643,2,7.0
643,3,354.0
643,4,691.0
643,5,1631.0
643,6,4042.0
643,7,866.0
644,1,0.0
644,2,0.0
644,3,0.0
644,4,51.0
644,5,1129.0
644,6,7425.0
644,7,1292.0
645,1,0.0
645,2,0.0
645,3,16.0
645,4,54.0
645,5,133.0
645,6,516.0
645,7,57.0
646,1,0.0
646,2,0.0
646,3,48.0
646,4,54.0
646,5,383.0
646,6,827.0
646,7,200.0
647,1,0.0
647,2,0.0
647,3,27.0
647,4,371.0
647,5,2574.0
647,6,3559.0
647,7,686.0
648,1,0.0
648,2,0.0
648,3,0.0
648,4,2.0
648,5,134.0
648,6,215.0
648,7,119.0
649,1,0.0
649,2,4.0
649,3,38.0
649,4,1003.0
649,5,1607.0
649,6,2765.0
649,7,586.0
650,1,0.0
650,2,15.0
650,3,287.0
650,4,339.0
650,5,2600.0
650,6,5126.0
650,7,410.0
651,1,0.0
651,2,0.0
651,3,6.0
651,4,120.0
651,5,17.0
651,6,267.0
651,7,108.0
652,1,0.0
652,2,3.0
652,3,122.0
652,4,64.0
652,5,250.0
652,6,1069.0
652,7,199.0
653,1,7.0
653,2,56.0
653,3,94.0
653,4,251.0
653,5,922.0
653,6,4477.0
653,7,979.0
654,1,0.0
654,2,73.0
654,3,309.0
654,4,559.0
654,5,8571.0
654,6,45155.0
654,7,10607.0
655,1,0.0
655,2,3.0
655,3,152.0
655,4,140.0
655,5,445.0
655,6,568.0
655,7,88.0
656,1,0.0
656,2,5.0
656,3,242.0
656,4,381.0
656,5,584.0
656,6,880.0
656,7,171.0
657,1,0.0
657,2,181.0
657,3,280.0
657,4,283.0
657,5,953.0
657,6,4522.0
657,7,1326.0
658,1,0.0
658,2,0.0
658,3,96.0
658,4,244.0
658,5,818.0
658,6,4889.0
658,7,568.0
659,1,0.0
659,2,0.0
659,3,3.0
659,4,13.0
659,5,224.0
659,6,1071.0
659,7,245.0
660,1,0.0
660,2,0.0
660,3,0.0
660,4,26.0
660,5,23.0
660,6,4.0
660,7,3.0
661,1,6.0
661,2,25.0
661,3,193.0
661,4,862.0
661,5,5080.0
661,6,12619.0
661,7,2806.0
662,1,0.0
662,2,0.0
662,3,113.0
662,4,500.0
662,5,1448.0
662,6,4226.0
662,7,401.0
663,1,0.0
663,2,4.0
663,3,45.0
663,4,189.0
663,5,437.0
663,6,581.0
663,7,134.0
664,1,0.0
664,2,0.0
664,3,13.0
664,4,65.0
664,5,514.0
664,6,4228.0
664,7,949.0
665,1,0.0
665,2,13.0
665,3,139.0
665,4,445.0
665,5,1181.0
665,6,1225.0
665,7,205.0
666,1,0.0
666,2,7.0
666,3,8.0
666,4,127.0
666,5,1277.0
666,6,1826.0
666,7,300.0
667,1,25.0
667,2,4.0
667,3,116.0
667,4,437.0
667,5,2779.0
667,6,17928.0
667,7,6420.0
668,1,0.0
668,2,3.0
668,3,178.0
668,4,537.0
668,5,1172.0
668,6,2241.0
668,7,375.0
669,1,0.0
669,2,21.0
669,3,104.0
669,4,275.0
669,5,1171.0
669,6,2111.0
669,7,248.0
670,1,0.0
670,2,0.0
670,3,4.0
670,4,156.0
670,5,222.0
670,6,1503.0
670,7,387.0
671,1,0.0
671,2,3.0
671,3,89.0
671,4,302.0
671,5,2150.0
671,6,5580.0
671,7,508.0
672,1,2.0
672,2,15.0
672,3,645.0
672,4,1157.0
672,5,4336.0
672,6,16449.0
672,7,5988.0
673,1,0.0
673,2,0.0
673,3,30.0
673,4,27.0
673,5,225.0
673,6,662.0
673,7,190.0
674,1,0.0
674,2,8.0
674,3,22.0
674,4,143.0
674,5,174.0
674,6,559.0
674,7,127.0
675,1,0.0
675,2,0.0
675,3,16.0
675,4,10.0
675,5,350.0
675,6,793.0
675,7,188.0
676,1,0.0
676,2,0.0
676,3,0.0
676,4,124.0
676,5,136.0
676,6,26.0
676,7,3.0
677,1,0.0
677,2,0.0
677,3,3.0
677,4,15.0
677,5,53.0
677,6,342.0
677,7,100.0
678,1,0.0
678,2,0.0
678,3,0.0
678,4,4.0
678,5,10.0
678,6,11.0
678,7,1.0
679,1,0.0
679,2,0.0
679,3,0.0
679,4,0.0
679,5,0.0
679,6,0.0
679,7,0.0
680,1,0.0
680,2,0.0
680,3,10.0
680,4,25.0
680,5,89.0
680,6,787.0
680,7,270.0
681,1,19.0
681,2,1.0
681,3,169.0
681,4,63.0
681,5,307.0
681,6,712.0
681,7,169.0
682,1,0.0
682,2,1.0
682,3,31.0
682,4,183.0
682,5,1220.0
682,6,4165.0
682,7,878.0
683,1,0.0
683,2,6.0
683,3,7.0
683,4,92.0
683,5,416.0
683,6,334.0
683,7,62.0
684,1,1.0
684,2,24.0
684,3,31.0
684,4,171.0
684,5,497.0
684,6,1032.0
684,7,330.0
685,1,0.0
685,2,0.0
685,3,109.0
685,4,172.0
685,5,654.0
685,6,2395.0
685,7,154.0
686,1,0.0
686,2,0.0
686,3,20.0
686,4,154.0
686,5,325.0
686,6,888.0
686,7,164.0
687,1,0.0
687,2,4.0
687,3,11.0
687,4,120.0
687,5,271.0
687,6,482.0
687,7,104.0
688,1,0.0
688,2,0.0
688,3,0.0
688,4,0.0
688,5,2.0
688,6,20.0
688,7,5.0
689,1,0.0
689,2,0.0
689,3,11.0
689,4,53.0
689,5,181.0
689,6,356.0
689,7,79.0
690,1,0.0
690,2,0.0
690,3,68.0
690,4,225.0
690,5,2048.0
690,6,11541.0
690,7,2923.0
691,1,2.0
691,2,0.0
691,3,9.0
691,4,48.0
691,5,486.0
691,6,970.0
691,7,397.0
692,1,2.0
692,2,61.0
692,3,192.0
692,4,1059.0
692,5,1315.0
692,6,638.0
692,7,92.0
693,1,0.0
693,2,5.0
693,3,39.0
693,4,65.0
693,5,151.0
693,6,947.0
693,7,160.0
694,1,0.0
694,2,0.0
694,3,0.0
694,4,0.0
694,5,4.0
694,6,43.0
694,7,0.0
695,1,0.0
695,2,0.0
695,3,160.0
695,4,290.0
695,5,830.0
695,6,2810.0
695,7,369.0
696,1,0.0
696,2,1.0
696,3,0.0
696,4,21.0
696,5,249.0
696,6,1820.0
696,7,499.0
697,1,0.0
697,2,0.0
697,3,18.0
697,4,20.0
697,5,96.0
697,6,401.0
697,7,42.0
698,1,1.0
698,2,4.0
698,3,307.0
698,4,700.0
698,5,822.0
698,6,3245.0
698,7,308.0
699,1,0.0
699,2,2.0
699,3,13.0
699,4,744.0
699,5,197.0
699,6,985.0
699,7,97.0
700,1,1.0
700,2,0.0
700,3,40.0
700,4,336.0
700,5,269.0
700,6,1324.0
700,7,460.0
701,1,0.0
701,2,0.0
701,3,11.0
701,4,17.0
701,5,94.0
701,6,516.0
701,7,62.0
702,1,0.0
702,2,0.0
702,3,52.0
702,4,1039.0
702,5,890.0
702,6,1121.0
702,7,287.0
703,1,0.0
703,2,1.0
703,3,3.0
703,4,62.0
703,5,418.0
703,6,989.0
703,7,221.0
704,1,0.0
704,2,0.0
704,3,205.0
704,4,643.0
704,5,837.0
704,6,841.0
704,7,144.0
705,1,3.0
705,2,1.0
705,3,16.0
705,4,167.0
705,5,429.0
705,6,1576.0
705,7,681.0
706,1,0.0
706,2,0.0
706,3,60.0
706,4,212.0
706,5,546.0
706,6,4222.0
706,7,465.0
707,1,0.0
707,2,18.0
707,3,40.0
707,4,38.0
707,5,529.0
707,6,2931.0
707,7,546.0
708,1,0.0
708,2,12.0
708,3,40.0
708,4,344.0
708,5,3951.0
708,6,3578.0
708,7,390.0
709,1,0.0
709,2,0.0
709,3,20.0
709,4,35.0
709,5,447.0
709,6,506.0
709,7,4.0
710,1,5.0
710,2,25.0
710,3,68.0
710,4,655.0
710,5,1914.0
710,6,2998.0
710,7,286.0
711,1,0.0
711,2,9.0
711,3,24.0
711,4,130.0
711,5,736.0
711,6,1641.0
711,7,331.0
712,1,0.0
712,2,26.0
712,3,1233.0
712,4,3065.0
712,5,9859.0
712,6,20167.0
712,7,4190.0
713,1,0.0
713,2,0.0
713,3,10.0
713,4,67.0
713,5,774.0
713,6,1877.0
713,7,395.0
714,1,1.0
714,2,19.0
714,3,326.0
714,4,1651.0
714,5,3431.0
714,6,2720.0
714,7,962.0
715,1,0.0
715,2,0.0
715,3,19.0
715,4,146.0
715,5,1431.0
715,6,2493.0
715,7,0.0
716,1,1.0
716,2,0.0
716,3,264.0
716,4,1359.0
716,5,7393.0
716,6,12170.0
716,7,1833.0
717,1,26.0
717,2,0.0
717,3,0.0
717,4,0.0
717,5,0.0
717,6,0.0
717,7,0.0
718,1,0.0
718,2,0.0
718,3,0.0
718,4,0.0
718,5,0.0
718,6,0.0
718,7,0.0
719,1,0.0
719,2,0.0
719,3,0.0
719,4,0.0
719,5,8.0
719,6,18.0
719,7,8.0
720,1,0.0
720,2,0.0
720,3,73.0
720,4,1003.0
720,5,1822.0
720,6,2166.0
720,7,0.0
721,1,0.0
721,2,1.0
721,3,3.0
721,4,3.0
721,5,80.0
721,6,10.0
721,7,0.0
722,1,0.0
722,2,0.0
722,3,1.0
722,4,63.0
722,5,180.0
722,6,359.0
722,7,32.0
723,1,0.0
723,2,0.0
723,3,8.0
723,4,202.0
723,5,444.0
723,6,645.0
723,7,327.0
724,1,0.0
724,2,0.0
724,3,0.0
724,4,0.0
724,5,0.0
724,6,0.0
724,7,0.0
725,1,0.0
725,2,0.0
725,3,3.0
725,4,8.0
725,5,7.0
725,6,15.0
725,7,0.0
726,1,0.0
726,2,0.0
726,3,0.0
726,4,0.0
726,5,0.0
726,6,2.0
726,7,1.0
727,1,0.0
727,2,1.0
727,3,129.0
727,4,76.0
727,5,228.0
727,6,1120.0
727,7,399.0
728,1,0.0
728,2,3.0
728,3,27.0
728,4,72.0
728,5,10142.0
728,6,31260.0
728,7,5733.0
729,1,26.0
729,2,59.0
729,3,269.0
729,4,855.0
729,5,5583.0
729,6,10113.0
729,7,1596.0
730,1,0.0
730,2,0.0
730,3,5.0
730,4,66.0
730,5,76.0
730,6,1000.0
730,7,392.0
731,1,0.0
731,2,0.0
731,3,0.0
731,4,8.0
731,5,101.0
731,6,662.0
731,7,164.0
732,1,0.0
732,2,3.0
732,3,110.0
732,4,245.0
732,5,802.0
732,6,2680.0
732,7,317.0
733,1,0.0
733,2,6.0
733,3,67.0
733,4,268.0
733,5,1860.0
733,6,5899.0
733,7,778.0
734,1,0.0
734,2,0.0
734,3,100.0
734,4,365.0
734,5,1087.0
734,6,2978.0
734,7,489.0
735,1,0.0
735,2,0.0
735,3,12.0
735,4,28.0
735,5,63.0
735,6,362.0
735,7,245.0
736,1,10.0
736,2,516.0
736,3,2098.0
736,4,5496.0
736,5,14122.0
736,6,15941.0
736,7,3001.0
737,1,0.0
737,2,1.0
737,3,54.0
737,4,171.0
737,5,927.0
737,6,925.0
737,7,96.0
738,1,0.0
738,2,0.0
738,3,9.0
738,4,94.0
738,5,323.0
738,6,694.0
738,7,319.0
739,1,0.0
739,2,72.0
739,3,23.0
739,4,5.0
739,5,488.0
739,6,1533.0
739,7,514.0
740,1,0.0
740,2,0.0
740,3,0.0
740,4,208.0
740,5,53.0
740,6,17.0
740,7,15.0
741,1,0.0
741,2,1.0
741,3,7.0
741,4,10.0
741,5,256.0
741,6,324.0
741,7,89.0
742,1,0.0
742,2,0.0
742,3,304.0
742,4,61.0
742,5,236.0
742,6,752.0
742,7,224.0
743,1,0.0
743,2,0.0
743,3,0.0
743,4,2.0
743,5,50.0
743,6,190.0
743,7,81.0
744,1,0.0
744,2,0.0
744,3,77.0
744,4,724.0
744,5,177.0
744,6,1001.0
744,7,400.0
745,1,0.0
745,2,0.0
745,3,0.0
745,4,27.0
745,5,4.0
745,6,19.0
745,7,41.0
746,1,33.0
746,2,369.0
746,3,12054.0
746,4,40445.0
746,5,101135.0
746,6,89141.0
746,7,14807.0
747,1,1.0
747,2,54.0
747,3,77.0
747,4,490.0
747,5,3727.0
747,6,7980.0
747,7,1244.0
748,1,0.0
748,2,44.0
748,3,116.0
748,4,671.0
748,5,7009.0
748,6,16051.0
748,7,1310.0
749,1,0.0
749,2,54.0
749,3,1498.0
749,4,4714.0
749,5,17781.0
749,6,23737.0
749,7,2905.0
750,1,7.0
750,2,5.0
750,3,61.0
750,4,273.0
750,5,5608.0
750,6,19931.0
750,7,3935.0
751,1,0.0
751,2,30.0
751,3,36.0
751,4,539.0
751,5,2206.0
751,6,3647.0
751,7,1129.0
752,1,1.0
752,2,26.0
752,3,311.0
752,4,1296.0
752,5,10391.0
752,6,9902.0
752,7,749.0
753,1,0.0
753,2,0.0
753,3,2.0
753,4,74.0
753,5,197.0
753,6,364.0
753,7,87.0
754,1,6.0
754,2,5.0
754,3,57.0
754,4,556.0
754,5,1784.0
754,6,5080.0
754,7,1338.0
755,1,0.0
755,2,2.0
755,3,13.0
755,4,48.0
755,5,500.0
755,6,230.0
755,7,71.0
756,1,0.0
756,2,0.0
756,3,43.0
756,4,78.0
756,5,1417.0
756,6,3649.0
756,7,1.0
757,1,0.0
757,2,0.0
757,3,0.0
757,4,4.0
757,5,60.0
757,6,159.0
757,7,91.0
758,1,0.0
758,2,51.0
758,3,64.0
758,4,902.0
758,5,5716.0
758,6,7326.0
758,7,1042.0
759,1,23.0
759,2,42.0
759,3,456.0
759,4,810.0
759,5,6823.0
759,6,9628.0
759,7,1313.0
760,1,1.0
760,2,111.0
760,3,13.0
760,4,74.0
760,5,1142.0
760,6,3207.0
760,7,897.0
761,1,1.0
761,2,10.0
761,3,542.0
761,4,2103.0
761,5,7543.0
761,6,9624.0
761,7,1715.0
762,1,0.0
762,2,115.0
762,3,155.0
762,4,78.0
762,5,120.0
762,6,644.0
762,7,162.0
763,1,0.0
763,2,0.0
763,3,2.0
763,4,30.0
763,5,69.0
763,6,25.0
763,7,3.0
764,1,2.0
764,2,1.0
764,3,32.0
764,4,100.0
764,5,1984.0
764,6,7414.0
764,7,2633.0
765,1,0.0
765,2,5.0
765,3,960.0
765,4,387.0
765,5,963.0
765,6,2331.0
765,7,301.0
766,1,0.0
766,2,0.0
766,3,19.0
766,4,88.0
766,5,525.0
766,6,794.0
766,7,1.0
767,1,0.0
767,2,4.0
767,3,98.0
767,4,305.0
767,5,1316.0
767,6,4314.0
767,7,1367.0
768,1,0.0
768,2,20.0
768,3,53.0
768,4,361.0
768,5,634.0
768,6,724.0
768,7,202.0
769,1,3.0
769,2,0.0
769,3,245.0
769,4,2101.0
769,5,4548.0
769,6,13861.0
769,7,2317.0
770,1,6.0
770,2,100.0
770,3,1001.0
770,4,526.0
770,5,462.0
770,6,1127.0
770,7,251.0
771,1,0.0
771,2,0.0
771,3,3.0
771,4,165.0
771,5,112.0
771,6,34.0
771,7,3.0
772,1,0.0
772,2,0.0
772,3,9.0
772,4,11.0
772,5,58.0
772,6,129.0
772,7,48.0
773,1,0.0
773,2,15.0
773,3,29.0
773,4,128.0
773,5,171.0
773,6,459.0
773,7,134.0
774,1,0.0
774,2,1.0
774,3,42.0
774,4,244.0
774,5,838.0
774,6,2484.0
774,7,526.0
775,1,0.0
775,2,0.0
775,3,5.0
775,4,125.0
775,5,151.0
775,6,620.0
775,7,258.0
776,1,0.0
776,2,0.0
776,3,0.0
776,4,0.0
776,5,0.0
776,6,1.0
776,7,1.0
777,1,0.0
777,2,0.0
777,3,0.0
777,4,2.0
777,5,31.0
777,6,68.0
777,7,18.0
778,1,0.0
778,2,0.0
778,3,0.0
778,4,0.0
778,5,7.0
778,6,222.0
778,7,48.0
779,1,0.0
779,2,0.0
779,3,23.0
779,4,78.0
779,5,339.0
779,6,654.0
779,7,191.0
780,1,0.0
780,2,0.0
780,3,183.0
780,4,348.0
780,5,1413.0
780,6,2318.0
780,7,383.0
781,1,9.0
781,2,2.0
781,3,106.0
781,4,278.0
781,5,3048.0
781,6,5244.0
781,7,1265.0
782,1,0.0
782,2,0.0
782,3,22.0
782,4,89.0
782,5,203.0
782,6,1202.0
782,7,294.0
783,1,9.0
783,2,222.0
783,3,1284.0
783,4,2209.0
783,5,4475.0
783,6,6319.0
783,7,1415.0
784,1,0.0
784,2,2.0
784,3,91.0
784,4,220.0
784,5,1762.0
784,6,4572.0
784,7,271.0
785,1,0.0
785,2,5.0
785,3,46.0
785,4,155.0
785,5,838.0
785,6,837.0
785,7,75.0
786,1,2.0
786,2,35.0
786,3,236.0
786,4,504.0
786,5,3061.0
786,6,10766.0
786,7,1752.0
787,1,1.0
787,2,22.0
787,3,43.0
787,4,1601.0
787,5,8748.0
787,6,10130.0
787,7,1401.0
788,1,0.0
788,2,13.0
788,3,18.0
788,4,42.0
788,5,446.0
788,6,1039.0
788,7,253.0
789,1,0.0
789,2,39.0
789,3,131.0
789,4,543.0
789,5,4272.0
789,6,7619.0
789,7,1083.0
790,1,0.0
790,2,37.0
790,3,11.0
790,4,8.0
790,5,216.0
790,6,448.0
790,7,90.0
791,1,3.0
791,2,48.0
791,3,618.0
791,4,763.0
791,5,5165.0
791,6,7273.0
791,7,1620.0
792,1,1.0
792,2,31.0
792,3,147.0
792,4,568.0
792,5,12199.0
792,6,12123.0
792,7,872.0
793,1,10.0
793,2,12.0
793,3,129.0
793,4,627.0
793,5,12657.0
793,6,52605.0
793,7,7738.0
794,1,0.0
794,2,0.0
794,3,28.0
794,4,182.0
794,5,5937.0
794,6,26769.0
794,7,4929.0
795,1,0.0
795,2,0.0
795,3,1.0
795,4,5.0
795,5,231.0
795,6,949.0
795,7,229.0
796,1,0.0
796,2,0.0
796,3,0.0
796,4,59.0
796,5,413.0
796,6,832.0
796,7,192.0
797,1,0.0
797,2,23.0
797,3,4.0
797,4,89.0
797,5,1496.0
797,6,3189.0
797,7,533.0
798,1,0.0
798,2,0.0
798,3,13.0
798,4,22.0
798,5,274.0
798,6,1089.0
798,7,816.0
799,1,0.0
799,2,1.0
799,3,15.0
799,4,163.0
799,5,788.0
799,6,2133.0
799,7,504.0
800,1,3.0
800,2,0.0
800,3,50.0
800,4,96.0
800,5,788.0
800,6,1820.0
800,7,292.0
801,1,0.0
801,2,0.0
801,3,66.0
801,4,263.0
801,5,2043.0
801,6,4266.0
801,7,486.0
802,1,1.0
802,2,0.0
802,3,0.0
802,4,0.0
802,5,0.0
802,6,0.0
802,7,0.0
803,1,0.0
803,2,0.0
803,3,3.0
803,4,7.0
803,5,35.0
803,6,562.0
803,7,100.0
804,1,0.0
804,2,51.0
804,3,89.0
804,4,1035.0
804,5,16536.0
804,6,52056.0
804,7,11007.0
805,1,0.0
805,2,0.0
805,3,0.0
805,4,10.0
805,5,14.0
805,6,28.0
805,7,8.0
806,1,0.0
806,2,0.0
806,3,0.0
806,4,24.0
806,5,55.0
806,6,476.0
806,7,117.0
807,1,0.0
807,2,0.0
807,3,5.0
807,4,25.0
807,5,21.0
807,6,28.0
807,7,0.0
808,1,0.0
808,2,0.0
808,3,1.0
808,4,0.0
808,5,5.0
808,6,67.0
808,7,16.0
809,1,0.0
809,2,0.0
809,3,0.0
809,4,3.0
809,5,34.0
809,6,159.0
809,7,118.0
810,1,0.0
810,2,0.0
810,3,0.0
810,4,33.0
810,5,26.0
810,6,4.0
810,7,30.0
811,1,0.0
811,2,0.0
811,3,16.0
811,4,83.0
811,5,379.0
811,6,2067.0
811,7,580.0
812,1,0.0
812,2,0.0
812,3,19.0
812,4,237.0
812,5,1540.0
812,6,4247.0
812,7,1787.0
813,1,0.0
813,2,0.0
813,3,0.0
813,4,15.0
813,5,19.0
813,6,34.0
813,7,2.0
814,1,0.0
814,2,58.0
814,3,120.0
814,4,1097.0
814,5,10495.0
814,6,33469.0
814,7,7877.0
815,1,0.0
815,2,0.0
815,3,1.0
815,4,18.0
815,5,191.0
815,6,678.0
815,7,344.0
816,1,0.0
816,2,0.0
816,3,294.0
816,4,1474.0
816,5,2464.0
816,6,5359.0
816,7,1076.0
817,1,0.0
817,2,3.0
817,3,11.0
817,4,164.0
817,5,239.0
817,6,2228.0
817,7,733.0
818,1,2.0
818,2,18.0
818,3,141.0
818,4,269.0
818,5,983.0
818,6,3860.0
818,7,1137.0
819,1,0.0
819,2,0.0
819,3,0.0
819,4,5.0
819,5,15.0
819,6,191.0
819,7,14.0
