Id,neighbour
101,452
101,552
101,818
101,565
101,217
102,630
102,683
102,642
102,770
102,380
103,294
103,341
103,267
103,185
103,529
103,516
103,293
103,303
103,181
104,122
104,522
104,199
104,737
104,183
104,308
104,433
105,558
105,454
105,617
105,170
105,580
105,134
105,746
105,712
106,508
106,207
106,213
106,678
106,606
106,448
106,491
107,586
107,634
107,359
107,184
107,544
107,762
108,118
108,799
108,203
109,451
109,460
109,597
109,291
110,313
110,665
110,202
110,341
110,422
110,516
110,201
110,587
111,367
111,442
111,446
112,239
112,166
112,378
112,262
112,553
112,225
113,546
113,139
113,211
113,212
113,601
113,608
114,359
114,579
114,500
114,647
114,250
114,181
115,588
115,703
115,599
115,653
115,817
115,469
116,136
116,326
116,168
116,669
116,135
116,732
117,611
117,623
117,135
117,158
117,732
118,798
118,205
118,108
118,431
118,175
118,799
118,818
118,203
118,545
118,224
119,631
119,390
119,199
119,317
119,183
120,413
120,330
120,742
121,665
121,191
121,202
121,336
121,527
121,521
122,783
122,104
122,182
122,433
123,814
123,146
123,764
123,468
123,226
123,231
123,229
124,637
124,441
124,416
124,276
124,307
124,692
124,615
124,465
124,729
125,664
125,237
125,200
125,733
125,254
125,561
125,428
125,266
125,730
126,483
126,218
127,772
127,533
127,274
127,193
127,458
127,680
128,621
128,440
128,492
128,734
129,278
129,765
129,655
129,308
129,501
129,433
130,758
130,236
130,747
130,603
131,134
131,187
131,314
131,600
131,377
131,650
132,691
132,328
132,788
132,476
132,656
133,408
133,294
133,410
133,363
134,365
134,558
134,364
134,105
134,170
135,168
135,117
135,116
135,158
135,732
135,323
136,517
136,316
136,375
136,326
136,116
136,732
137,616
137,159
137,692
137,615
137,465
137,729
138,624
138,789
138,304
138,172
138,455
139,211
139,608
139,113
140,590
140,684
140,536
140,714
140,315
140,521
140,253
141,693
141,707
141,158
141,434
141,323
142,548
142,248
142,165
142,766
142,402
142,228
143,180
143,391
143,677
143,511
143,632
143,324
143,545
144,578
144,396
144,162
144,405
144,200
144,730
145,382
145,619
145,518
145,595
145,428
145,178
146,624
146,304
146,468
146,455
146,342
146,251
146,123
146,229
147,517
147,316
147,256
147,206
147,187
147,710
147,671
148,779
148,260
148,279
148,632
149,627
149,533
149,151
149,626
149,193
149,498
149,373
150,327
150,713
150,735
150,374
150,311
150,701
150,477
150,738
151,533
151,391
151,149
151,279
151,632
151,627
152,596
152,655
152,704
152,522
152,472
152,366
153,502
153,334
153,223
153,673
153,591
153,230
153,300
154,467
154,416
154,159
154,307
154,729
155,534
155,255
155,277
155,179
155,371
155,320
156,382
156,618
156,595
156,594
156,347
156,622
157,642
157,239
157,278
157,378
157,611
157,501
158,489
158,623
158,117
158,141
158,135
158,323
158,707
159,616
159,467
159,137
159,154
159,729
160,691
160,328
160,687
160,459
160,380
161,607
161,639
161,682
161,201
161,767
162,578
162,383
162,664
162,626
162,498
162,144
162,730
163,586
163,360
163,387
163,472
163,366
164,169
164,668
164,514
164,524
164,490
165,142
165,548
165,319
165,198
165,402
165,228
166,432
166,112
166,269
166,262
166,364
166,553
167,456
167,507
167,453
167,731
167,539
167,245
168,695
168,669
168,116
168,135
168,323
169,705
169,514
169,524
169,727
169,164
169,296
170,365
170,478
170,105
170,580
170,134
170,593
171,534
171,429
171,662
171,475
171,600
172,138
172,449
172,700
172,781
172,789
172,304
172,454
172,264
172,574
172,667
173,464
173,174
173,447
173,635
173,764
173,226
174,464
174,635
174,173
175,337
175,348
175,431
175,118
175,224
176,523
176,786
176,375
176,612
177,804
177,283
177,731
177,190
177,495
177,430
177,530
178,428
178,361
178,145
178,427
179,320
179,534
179,429
179,155
179,424
179,492
179,621
179,659
180,305
180,324
180,217
180,545
180,143
181,103
181,267
181,579
181,250
181,114
181,516
181,415
182,783
182,122
182,556
182,736
183,119
183,104
183,199
184,634
184,232
184,204
184,107
184,562
184,762
185,294
185,381
185,103
185,249
185,363
185,332
185,529
186,234
186,220
186,384
186,500
186,649
186,345
186,335
187,131
187,206
187,671
187,147
187,600
187,650
188,788
188,630
188,328
188,675
188,628
189,395
189,666
189,478
189,399
189,552
189,580
190,376
190,177
190,305
190,731
190,245
190,555
190,530
191,339
191,546
191,536
191,527
191,121
191,521
191,601
191,767
192,360
192,234
192,387
192,544
192,309
192,335
193,533
193,149
193,457
193,127
193,373
193,458
194,277
194,370
194,535
194,618
194,582
194,594
195,354
195,394
195,569
195,406
195,233
196,592
196,474
196,321
196,581
196,715
196,541
197,318
197,261
197,638
197,343
197,622
198,268
198,165
198,319
198,446
198,228
199,631
199,104
199,119
199,737
199,183
200,125
200,405
200,561
200,144
200,730
201,422
201,665
201,527
201,161
201,639
201,110
201,682
201,297
202,313
202,665
202,336
202,110
202,121
203,205
203,365
203,108
203,799
203,364
203,118
203,593
204,232
204,184
204,459
204,674
204,762
205,432
205,431
205,364
205,203
205,118
206,316
206,187
206,392
206,147
206,650
207,284
207,448
207,606
207,417
207,740
207,271
207,386
207,106
207,333
208,253
209,538
209,464
209,292
209,635
209,800
209,564
209,513
209,661
209,263
210,473
210,407
210,441
210,598
210,276
210,423
211,782
211,139
211,113
211,601
211,608
211,651
212,767
212,546
212,608
212,113
213,678
213,106
213,606
214,786
214,316
214,713
214,392
214,523
215,233
215,745
215,394
216,588
216,653
217,798
217,180
217,305
217,452
217,818
217,545
217,101
218,757
218,126
218,551
218,483
218,756
219,526
219,270
219,484
219,709
220,500
220,649
220,379
220,186
221,584
221,314
221,477
221,640
221,343
222,404
222,749
223,502
223,243
223,381
223,476
223,755
223,656
223,153
223,591
224,348
224,557
224,677
224,175
224,118
224,545
225,783
225,239
225,556
225,589
225,112
225,553
226,447
226,231
226,764
226,173
226,123
227,690
227,764
227,769
227,251
227,241
227,340
227,229
228,198
228,142
228,165
228,446
229,146
229,227
229,764
229,251
229,123
230,612
230,673
230,153
230,426
230,646
230,300
231,814
231,464
231,447
231,654
231,787
231,226
231,123
231,749
232,634
232,204
232,765
232,512
232,562
232,184
232,459
232,611
233,394
233,569
233,606
233,195
233,215
234,384
234,186
234,544
234,698
234,192
234,335
235,754
235,292
235,291
235,352
235,760
235,564
235,583
236,613
236,398
236,603
236,130
236,747
236,791
236,542
237,125
237,361
237,427
237,357
237,561
237,266
237,435
237,620
238,585
238,785
238,454
239,589
239,112
239,378
239,157
239,501
239,225
240,506
240,780
241,443
241,421
241,227
241,769
241,340
242,785
243,356
243,557
243,656
243,223
243,591
243,425
244,741
244,559
244,269
244,558
245,453
245,167
245,731
245,190
245,555
246,537
246,662
246,493
246,658
246,706
247,780
247,397
247,722
247,810
247,440
247,367
248,403
248,142
248,515
248,766
248,715
248,402
249,691
249,381
249,476
249,185
249,332
250,359
250,114
250,674
250,415
250,762
250,181
251,146
251,227
251,690
251,342
251,229
252,339
252,782
252,689
252,744
252,703
252,657
252,601
253,313
253,572
253,718
253,208
253,281
253,717
253,315
253,679
253,802
253,571
253,577
253,563
253,331
253,295
253,714
253,140
253,379
253,724
254,125
254,664
254,733
255,277
255,318
255,370
255,155
255,371
256,517
256,325
256,471
256,326
256,710
256,147
257,609
257,369
258,432
258,337
258,683
258,675
258,770
258,431
258,355
259,775
259,436
259,322
259,576
260,453
260,312
260,539
260,779
260,279
260,148
260,627
261,318
261,370
261,594
261,197
261,622
262,432
262,642
262,166
262,770
262,112
262,378
262,355
263,464
263,292
263,398
263,209
263,761
263,661
264,304
264,781
264,342
264,172
265,487
265,401
265,486
265,474
265,270
265,288
265,756
266,237
266,428
266,361
266,125
267,415
267,103
267,181
267,529
268,442
268,319
268,198
268,721
268,446
269,558
269,166
269,364
269,553
269,244
269,741
270,484
270,757
270,265
270,504
270,474
270,219
270,709
270,756
271,207
271,805
271,284
271,807
271,740
271,604
271,346
271,286
272,321
272,604
272,445
272,286
273,494
273,420
273,758
273,748
273,352
273,760
274,772
274,533
274,356
274,391
274,511
274,127
275,317
276,124
276,768
276,210
276,637
276,441
276,423
277,255
277,370
277,155
277,194
277,582
277,320
278,765
278,157
278,611
278,501
278,129
279,260
279,151
279,148
279,632
279,627
280,801
280,686
280,537
280,325
280,706
281,253
282,803
282,573
282,808
282,719
283,804
283,507
283,177
283,793
283,731
284,207
284,805
284,271
285,743
285,592
285,470
285,581
285,806
286,272
286,271
286,604
286,321
286,346
286,541
287,808
287,805
287,726
287,648
288,487
288,265
288,486
288,777
288,694
288,756
289,722
289,397
289,575
290,670
290,382
290,518
290,622
291,754
291,460
291,352
291,235
291,109
292,420
292,209
292,760
292,564
292,235
292,550
292,661
292,263
293,103
293,341
293,503
293,422
293,303
293,297
294,133
294,103
294,185
294,363
294,503
294,303
294,408
295,313
295,331
295,587
295,253
296,727
296,169
296,524
296,302
297,422
297,503
297,682
297,408
297,293
297,201
297,338
298,705
298,668
298,514
298,385
298,345
298,335
299,652
299,668
299,599
299,653
299,490
300,411
300,774
300,334
300,611
300,623
300,153
300,426
300,230
301,727
301,302
301,309
301,335
302,413
302,742
302,301
302,362
302,524
302,727
302,296
303,293
303,103
303,294
303,503
304,138
304,146
304,172
304,342
304,264
304,455
305,180
305,376
305,509
305,779
305,452
305,190
305,632
305,324
305,217
305,555
306,405
306,310
306,644
306,728
307,154
307,124
307,729
307,416
308,655
308,104
308,522
308,433
308,129
309,301
309,335
309,192
310,306
310,405
310,561
310,728
310,435
310,620
311,713
311,584
311,150
311,477
311,650
312,578
312,260
312,396
312,539
312,627
312,498
313,202
313,336
313,295
313,110
313,315
313,587
313,253
314,131
314,547
314,560
314,584
314,134
314,444
314,221
314,377
314,343
315,313
315,336
315,679
315,521
315,140
315,253
316,517
316,375
316,786
316,206
316,136
316,392
316,214
316,147
317,119
317,275
317,390
318,255
318,560
318,370
318,444
318,261
318,371
318,197
318,343
319,803
319,573
319,268
319,165
319,198
319,402
319,721
320,277
320,155
320,179
320,582
320,659
321,445
321,504
321,474
321,272
321,541
321,196
321,813
321,389
321,286
322,723
322,436
322,702
322,259
323,693
323,150
323,695
323,168
323,141
323,135
323,158
324,143
324,305
324,180
324,632
325,801
325,256
325,471
325,537
325,710
325,280
325,671
326,517
326,471
326,695
326,256
326,136
326,669
326,116
326,497
327,374
327,482
327,150
327,477
327,699
327,640
327,437
328,691
328,788
328,630
328,132
328,188
328,160
328,380
329,610
329,463
329,739
329,549
329,543
330,413
330,120
330,349
330,407
330,598
331,295
331,579
331,647
331,587
331,379
331,253
332,529
332,691
332,249
332,185
333,508
333,207
333,448
333,417
334,411
334,502
334,410
334,381
334,363
334,153
334,300
335,705
335,234
335,301
335,192
335,727
335,298
335,345
335,186
335,309
336,313
336,202
336,315
336,121
336,521
337,348
337,675
337,431
337,175
337,258
338,489
338,411
338,774
338,682
338,434
338,707
338,297
338,408
339,191
339,252
339,536
339,657
339,601
340,443
340,538
340,227
340,764
340,241
340,513
341,103
341,110
341,422
341,516
341,293
342,146
342,781
342,690
342,304
342,264
342,251
343,318
343,444
343,314
343,640
343,638
343,221
343,197
344,552
344,799
344,818
344,593
345,385
345,649
345,298
345,186
345,335
346,807
346,541
346,271
346,286
347,540
347,570
347,618
347,595
347,156
347,350
348,337
348,557
348,675
348,628
348,175
348,224
349,413
349,652
349,773
349,362
349,407
349,330
349,681
350,619
350,716
350,570
350,450
350,595
350,347
351,520
351,641
352,291
352,792
352,460
352,759
352,748
352,273
352,760
352,235
352,597
353,354
353,753
353,406
354,394
354,353
354,406
354,195
354,753
355,432
355,258
355,262
355,770
356,772
356,243
356,557
356,677
356,274
356,511
356,425
357,237
357,427
357,620
358,602
358,567
358,629
358,509
358,565
358,418
359,107
359,500
359,544
359,698
359,250
359,114
359,762
360,387
360,192
360,163
361,427
361,237
361,428
361,266
361,178
362,413
362,349
362,524
362,302
362,490
362,681
363,294
363,133
363,334
363,410
363,381
363,185
364,432
364,205
364,365
364,558
364,166
364,269
364,203
364,134
365,364
365,170
365,203
365,134
365,593
366,586
366,152
366,704
366,163
366,472
367,247
367,397
367,111
367,442
368,645
368,633
368,768
368,663
369,631
369,528
369,257
369,609
370,277
370,318
370,255
370,194
370,261
370,594
371,685
371,534
371,255
371,560
371,318
371,155
371,475
372,796
372,739
372,797
372,696
372,495
372,815
373,193
373,149
373,626
373,457
374,327
374,150
374,626
374,733
374,699
374,738
375,786
375,316
375,611
375,136
375,612
375,732
375,176
376,602
376,796
376,305
376,509
376,797
376,190
376,418
376,530
377,547
377,314
377,600
377,131
378,642
378,239
378,112
378,157
378,262
379,220
379,331
379,714
379,500
379,649
379,647
379,253
380,630
380,328
380,642
380,102
380,512
380,459
380,160
381,502
381,691
381,334
381,476
381,755
381,249
381,185
381,363
381,223
381,566
382,145
382,290
382,518
382,595
382,156
382,622
383,664
383,626
383,733
383,162
384,234
384,500
384,698
384,186
385,419
385,668
385,599
385,590
385,714
385,393
385,298
385,649
385,345
386,207
386,606
386,740
386,569
387,586
387,360
387,544
387,192
387,163
388,468
388,795
388,554
388,624
389,525
389,504
389,709
389,321
389,813
390,631
390,609
390,317
390,119
391,533
391,151
391,274
391,511
391,632
391,143
392,316
392,713
392,206
392,214
392,650
393,599
393,469
393,419
393,385
394,354
394,745
394,215
394,195
394,233
394,753
395,666
395,790
395,789
395,189
395,580
395,554
395,816
395,712
396,456
396,578
396,405
396,312
396,539
396,644
396,144
397,247
397,722
397,367
397,289
398,603
398,761
398,791
398,661
398,236
398,263
399,666
399,567
399,629
399,189
399,552
399,519
399,696
400,745
400,771
400,406
401,487
401,462
401,265
401,592
401,488
401,474
401,778
402,403
402,142
402,573
402,548
402,248
402,165
402,319
402,808
402,648
403,515
403,402
403,248
403,648
404,761
404,787
404,791
404,749
404,222
405,306
405,310
405,396
405,200
405,561
405,644
405,144
406,354
406,676
406,400
406,353
406,569
406,745
406,740
406,771
406,195
406,753
407,349
407,473
407,210
407,773
407,330
407,598
407,466
407,510
407,334
408,411
408,133
408,294
408,410
408,503
408,297
408,338
409,443
409,499
409,421
409,461
409,800
410,411
410,133
410,334
410,363
410,408
411,774
411,334
411,410
411,338
411,300
411,408
412,750
412,759
413,120
413,349
413,742
413,362
413,330
413,302
413,681
414,542
414,751
415,267
415,687
415,529
415,250
415,674
415,181
416,124
416,480
416,473
416,441
416,307
416,154
417,508
417,207
417,333
417,576
418,602
418,376
418,358
418,629
418,797
418,696
419,590
419,684
419,385
419,657
419,393
419,817
419,469
420,292
420,758
420,760
420,273
420,550
421,443
421,241
421,409
422,341
422,110
422,293
422,201
422,297
423,768
423,210
423,663
423,276
423,598
424,506
424,780
424,179
424,621
424,659
425,772
425,356
425,243
425,673
425,591
426,611
426,623
426,612
426,230
426,300
427,237
427,361
427,178
427,357
428,145
428,125
428,361
428,518
428,733
428,266
428,811
428,178
429,534
429,171
429,662
429,658
429,492
429,179
430,804
430,177
430,463
430,739
430,495
431,432
431,337
431,205
431,175
431,258
431,118
432,205
432,166
432,431
432,258
432,262
432,364
432,355
433,783
433,122
433,104
433,589
433,308
433,501
433,129
434,607
434,141
434,682
434,707
434,338
435,237
435,310
435,561
435,620
436,812
436,702
436,322
436,259
437,327
437,811
437,699
437,670
437,640
438,466
438,473
438,782
438,689
439,605
439,763
439,819
440,247
440,621
440,780
440,128
441,124
441,473
441,210
441,276
441,416
442,268
442,367
442,111
442,446
443,538
443,421
443,409
443,800
443,241
443,340
444,318
444,314
444,343
444,560
445,676
445,605
445,819
445,272
445,604
445,321
445,813
446,111
446,268
446,442
446,198
446,228
447,231
447,464
447,226
447,173
448,508
448,207
448,106
448,333
449,700
449,454
449,172
449,643
449,667
450,716
450,350
450,570
451,597
451,109
451,750
451,759
452,305
452,509
452,565
452,217
452,101
453,260
453,167
453,539
453,779
453,245
453,555
454,449
454,700
454,625
454,558
454,746
454,785
454,531
454,172
454,617
454,105
454,585
454,574
454,672
454,643
454,238
454,667
455,138
455,146
455,304
455,624
456,396
456,507
456,167
456,794
456,793
456,539
456,644
457,735
457,626
457,193
457,373
457,458
457,738
458,735
458,701
458,457
458,193
458,127
458,697
458,680
459,232
459,204
459,512
459,687
459,160
459,674
459,380
460,597
460,352
460,109
460,291
461,409
461,499
461,505
461,800
462,401
462,592
462,470
462,488
462,778
463,739
463,430
463,804
463,329
464,174
464,447
464,635
464,173
464,209
464,761
464,787
464,231
464,263
465,645
465,124
465,616
465,637
465,692
465,137
465,633
466,689
466,473
466,438
466,407
466,510
467,154
467,159
468,814
468,795
468,624
468,146
468,610
468,388
468,543
468,123
469,419
469,115
469,599
469,393
469,817
470,462
470,778
470,592
470,285
471,801
471,325
471,256
471,326
471,497
472,152
472,596
472,163
472,737
472,528
472,366
473,480
473,438
473,210
473,407
473,441
473,416
473,466
474,401
474,265
474,592
474,504
474,196
474,321
474,270
475,685
475,534
475,547
475,171
475,600
475,371
476,691
476,132
476,381
476,755
476,656
476,249
476,223
476,566
477,327
477,221
477,584
477,311
477,482
477,150
477,640
478,189
478,552
478,170
478,580
478,593
479,491
479,660
480,473
480,416
481,778
481,487
481,809
482,327
482,640
482,477
483,126
483,551
483,486
483,218
483,756
484,219
484,526
484,270
484,757
485,525
485,526
485,709
485,763
486,265
486,776
486,777
486,483
486,288
486,756
487,401
487,809
487,265
487,481
487,694
487,778
487,288
488,592
488,462
488,401
489,774
489,623
489,158
489,707
489,338
490,652
490,668
490,362
490,524
490,299
490,164
490,681
491,508
491,479
491,678
491,106
492,429
492,734
492,658
492,179
492,621
492,128
493,658
493,706
493,734
493,246
494,708
494,758
494,792
494,748
494,273
495,372
495,177
495,796
495,739
495,430
495,530
496,795
496,790
496,554
496,641
496,543
497,801
497,326
497,471
497,695
498,578
498,162
498,149
498,312
498,626
498,627
499,461
499,409
500,220
500,359
500,384
500,698
500,647
500,114
500,186
500,379
501,239
501,278
501,129
501,589
501,157
501,433
502,381
502,153
502,223
502,334
503,294
503,293
503,303
503,297
503,408
504,474
504,709
504,321
504,270
504,389
505,754
505,461
505,800
505,564
505,583
506,535
506,780
506,424
506,240
506,659
507,456
507,283
507,167
507,793
507,731
508,448
508,576
508,417
508,106
508,333
508,491
509,602
509,376
509,358
509,305
509,452
509,565
510,689
510,407
510,466
510,711
510,193
510,334
511,356
511,391
511,677
511,274
511,143
512,232
512,642
512,562
512,459
512,380
512,611
513,538
513,635
513,764
513,209
513,340
514,705
514,169
514,668
514,298
514,164
515,403
515,807
515,248
515,648
515,715
515,541
516,103
516,341
516,579
516,110
516,587
516,181
517,316
517,256
517,136
517,326
517,147
518,670
518,145
518,382
518,290
518,428
518,811
519,399
519,696
519,666
519,520
520,666
520,351
520,519
520,696
520,641
520,815
521,191
521,336
521,536
521,315
521,121
521,140
522,152
522,596
522,655
522,104
522,737
522,308
523,786
523,713
523,612
523,701
523,214
523,646
523,176
524,169
524,362
524,164
524,302
524,296
524,490
525,485
525,819
525,709
525,813
525,763
525,389
526,484
526,485
526,568
526,219
526,709
526,763
527,665
527,191
527,639
527,121
527,201
527,767
528,737
528,472
528,369
528,631
529,691
529,103
529,267
529,185
529,687
529,332
529,415
530,376
530,177
530,796
530,190
530,495
531,454
531,625
531,558
531,617
531,105
531,585
531,449
531,700
531,746
531,785
531,172
531,574
531,672
531,643
531,238
531,667
532,531
533,391
533,149
533,151
533,274
533,193
533,127
534,429
534,171
534,155
534,475
534,179
534,371
535,506
535,194
535,618
535,582
535,659
535,540
536,339
536,191
536,684
536,657
536,521
536,140
537,686
537,325
537,246
537,784
537,662
537,280
537,706
537,671
538,443
538,209
538,800
538,513
538,340
539,456
539,260
539,396
539,453
539,167
539,312
540,535
540,618
540,347
540,570
541,807
541,321
541,515
541,196
541,715
541,346
541,286
542,751
542,236
542,747
542,414
543,795
543,610
543,329
543,468
543,549
543,641
543,496
544,586
544,234
544,387
544,359
544,107
544,698
544,192
545,798
545,180
545,677
545,118
545,217
545,143
545,224
546,191
546,212
546,113
546,601
546,767
547,685
547,560
547,475
547,314
547,600
547,377
548,142
548,402
548,165
549,329
549,739
549,641
549,543
549,815
550,661
550,758
550,292
550,420
551,483
551,218
551,756
552,344
552,567
552,478
552,399
552,189
552,818
552,565
552,101
552,593
553,556
553,166
553,112
553,269
553,741
553,225
554,395
554,795
554,624
554,388
554,790
554,496
554,816
555,453
555,305
555,779
555,190
555,245
556,783
556,182
556,553
556,741
556,736
556,225
557,356
557,243
557,348
557,656
557,628
557,677
557,224
558,559
558,785
558,269
558,454
558,364
558,105
558,585
558,244
558,134
558,746
559,558
559,785
559,741
559,244
559,736
560,685
560,318
560,547
560,444
560,314
560,371
561,125
561,405
561,237
561,200
561,310
561,435
562,232
562,512
562,611
562,184
563,253
564,505
564,292
564,209
564,800
564,235
564,583
565,567
565,358
565,509
565,452
565,552
565,101
566,381
566,755
566,476
567,358
567,629
567,399
567,552
567,565
568,526
568,763
569,233
569,606
569,740
569,406
569,195
569,386
570,716
570,540
570,450
570,347
570,350
571,253
572,253
573,803
573,319
573,808
573,282
573,402
573,721
574,700
574,720
574,781
574,454
574,172
575,722
575,810
575,289
576,508
576,775
576,417
576,259
577,253
578,396
578,162
578,312
578,498
578,144
579,331
579,647
579,114
579,516
579,587
579,181
580,395
580,478
580,189
580,105
580,170
580,712
581,285
581,592
581,806
581,196
581,715
582,277
582,535
582,194
582,320
582,659
583,754
583,505
583,564
583,235
584,134
584,311
584,314
584,477
584,221
584,650
585,558
585,785
585,454
585,746
585,238
586,634
586,387
586,765
586,107
586,544
586,704
586,163
586,366
587,313
587,331
587,295
587,579
587,110
587,516
588,115
588,703
588,711
588,653
588,216
589,783
589,239
589,433
589,501
589,225
590,419
590,684
590,385
590,714
590,140
591,243
591,223
591,673
591,153
591,425
592,401
592,285
592,462
592,470
592,488
592,474
592,581
592,196
593,365
593,344
593,478
593,552
593,799
593,170
593,203
594,370
594,194
594,618
594,261
594,156
594,622
595,145
595,382
595,619
595,156
595,347
595,350
596,737
596,472
596,522
596,152
597,451
597,460
597,759
597,352
597,109
598,423
598,210
598,407
598,330
599,668
599,115
599,385
599,393
599,653
599,299
599,469
600,131
600,547
600,171
600,784
600,187
600,662
600,475
600,377
600,671
601,339
601,546
601,191
601,744
601,211
601,252
601,113
601,651
602,358
602,418
602,376
602,509
603,398
603,130
603,758
603,661
603,236
604,676
604,445
604,740
604,272
604,271
604,286
605,676
605,445
605,771
605,819
605,439
606,233
606,207
606,213
606,569
606,386
606,106
607,434
607,767
607,161
607,682
608,139
608,211
608,113
608,212
609,631
609,257
609,390
609,369
610,814
610,654
610,329
610,468
610,543
611,375
611,623
611,612
611,117
611,426
611,732
611,300
612,375
612,611
612,523
612,426
612,646
612,230
612,176
613,791
613,236
614,758
614,708
614,747
614,636
615,124
615,692
615,137
615,729
616,645
616,159
616,137
616,633
616,465
617,625
617,672
617,454
617,105
617,746
617,712
618,535
618,194
618,156
618,594
618,347
618,540
619,716
619,145
619,350
619,595
620,237
620,310
620,435
620,357
621,780
621,424
621,492
621,179
621,440
621,128
622,382
622,290
622,594
622,261
622,156
622,638
622,670
622,640
622,197
623,489
623,774
623,611
623,117
623,426
623,158
623,300
624,138
624,146
624,388
624,789
624,468
624,455
624,554
624,816
625,672
625,454
625,617
625,746
625,643
626,383
626,162
626,374
626,149
626,457
626,733
626,498
626,373
626,738
627,260
627,149
627,312
627,151
627,279
627,498
628,788
628,348
628,557
628,656
628,675
628,188
629,567
629,358
629,399
629,696
629,418
630,328
630,683
630,102
630,675
630,188
630,380
631,609
631,119
631,390
631,199
631,737
631,528
631,369
632,391
632,305
632,151
632,779
632,279
632,148
632,324
632,143
633,645
633,368
633,465
633,616
634,586
634,232
634,765
634,107
634,184
635,464
635,174
635,764
635,173
635,209
635,513
636,752
636,614
636,792
636,708
637,645
637,124
637,768
637,276
637,465
638,640
638,197
638,343
638,622
639,527
639,767
639,161
639,201
640,327
640,482
640,437
640,477
640,638
640,670
640,221
640,343
640,622
641,666
641,790
641,351
641,549
641,520
641,543
641,815
641,496
642,102
642,512
642,770
642,378
642,157
642,262
642,380
642,611
643,449
643,700
643,625
643,454
643,672
643,667
644,456
644,306
644,396
644,405
644,794
644,728
645,768
645,616
645,368
645,637
645,633
645,465
646,612
646,701
646,673
646,523
646,230
646,697
647,331
647,579
647,500
647,114
647,379
648,805
648,403
648,807
648,808
648,515
648,287
648,402
649,220
649,385
649,714
649,345
649,186
649,379
650,131
650,713
650,206
650,584
650,134
650,187
650,311
650,392
651,601
651,782
651,211
651,744
652,349
652,773
652,711
652,681
652,299
652,653
652,193
652,490
653,652
653,115
653,588
653,599
653,711
653,299
653,216
654,610
654,814
654,749
654,231
655,152
655,765
655,704
655,522
655,308
655,129
656,243
656,788
656,132
656,476
656,557
656,628
656,223
657,339
657,419
657,703
657,252
657,536
657,684
657,817
658,429
658,734
658,246
658,662
658,493
658,492
659,506
659,535
659,424
659,179
659,582
659,320
660,479
661,292
661,398
661,603
661,758
661,209
661,550
661,263
662,537
662,429
662,246
662,784
662,171
662,658
662,600
663,423
663,368
663,768
664,125
664,162
664,733
664,254
664,383
664,730
665,202
665,527
665,110
665,121
665,201
666,395
666,790
666,399
666,189
666,519
666,520
666,641
667,449
667,789
667,172
667,454
667,672
667,643
667,712
668,599
668,514
668,385
668,298
668,299
668,164
668,490
669,116
669,326
669,168
669,695
670,290
670,518
670,640
670,811
670,437
670,622
671,537
671,325
671,784
671,187
671,710
671,147
671,600
672,625
672,667
672,454
672,617
672,643
672,712
673,772
673,153
673,591
673,425
673,646
673,230
673,697
673,680
674,204
674,687
674,459
674,250
674,415
674,762
675,337
675,630
675,683
675,348
675,628
675,258
675,188
676,605
676,445
676,740
676,771
676,406
676,604
677,356
677,557
677,511
677,545
677,143
677,224
678,106
678,213
678,491
679,315
679,253
680,772
680,673
680,127
680,697
680,458
681,413
681,652
681,349
681,362
681,490
682,607
682,161
682,434
682,201
682,297
682,338
683,630
683,102
683,675
683,770
683,258
684,419
684,590
684,536
684,657
684,140
685,371
685,475
685,547
685,560
686,280
686,706
686,537
687,691
687,459
687,529
687,160
687,674
687,415
688,778
688,777
688,694
688,809
689,782
689,438
689,703
689,252
689,466
689,711
689,510
690,781
690,227
690,769
690,342
690,251
691,328
691,132
691,381
691,476
691,249
691,687
691,332
691,529
691,160
692,124
692,465
692,137
692,615
693,323
693,150
693,141
694,487
694,777
694,688
694,809
694,288
695,150
695,326
695,669
695,168
695,323
695,497
696,372
696,629
696,399
696,797
696,519
696,520
696,418
696,815
697,701
697,673
697,646
697,458
697,680
698,234
698,359
698,384
698,500
698,544
699,327
699,374
699,733
699,811
699,437
700,449
700,454
700,172
700,574
700,643
701,713
701,735
701,523
701,150
701,646
701,697
701,458
702,812
702,723
702,436
702,322
703,689
703,115
703,588
703,252
703,657
703,711
703,817
704,586
704,152
704,765
704,655
704,366
705,169
705,514
705,727
705,298
705,335
706,686
706,537
706,246
706,493
706,280
707,489
707,141
707,158
707,434
707,338
708,494
708,636
708,792
708,758
708,614
709,485
709,504
709,219
709,525
709,526
709,270
709,389
710,325
710,147
710,256
710,671
711,652
711,689
711,588
711,703
711,653
711,510
711,193
712,395
712,789
712,617
712,105
712,580
712,672
712,667
713,311
713,392
713,701
713,523
713,150
713,214
713,650
714,590
714,385
714,649
714,140
714,379
714,253
715,248
715,581
715,806
715,515
715,196
715,766
715,541
716,619
716,450
716,350
716,570
717,253
718,253
719,803
719,808
719,282
719,726
720,574
720,781
721,803
721,573
721,268
721,319
721,725
722,397
722,575
722,810
722,289
722,247
723,702
723,322
724,253
725,803
725,721
726,287
726,808
726,719
727,705
727,169
727,301
727,302
727,296
727,335
728,310
728,306
728,644
728,794
729,124
729,159
729,307
729,137
729,615
729,154
730,125
730,162
730,664
730,200
730,144
731,283
731,507
731,167
731,177
731,190
731,245
732,375
732,611
732,136
732,117
732,116
732,135
733,125
733,374
733,664
733,626
733,254
733,699
733,428
733,383
733,811
734,493
734,658
734,492
734,128
735,701
735,150
735,457
735,458
735,738
736,556
736,182
736,741
736,559
737,596
737,631
737,104
737,522
737,199
737,528
737,472
738,735
738,374
738,150
738,626
738,457
739,372
739,463
739,329
739,549
739,495
739,430
739,815
740,676
740,207
740,569
740,406
740,271
740,604
740,386
741,556
741,559
741,269
741,553
741,244
741,736
742,413
742,302
742,120
743,806
743,285
744,782
744,601
744,252
744,651
745,394
745,400
745,406
745,215
745,753
746,625
746,558
746,454
746,617
746,105
746,585
747,130
747,758
747,614
747,542
747,236
747,751
748,494
748,792
748,273
748,352
749,654
749,404
749,787
749,231
749,222
750,451
750,412
750,759
751,542
751,747
751,414
752,792
752,636
752,759
753,354
753,394
753,353
753,745
753,406
754,291
754,505
754,583
754,235
755,381
755,566
755,223
755,476
756,757
756,265
756,551
756,486
756,483
756,218
756,270
756,288
757,484
757,270
757,218
757,756
758,494
758,708
758,420
758,130
758,603
758,747
758,614
758,273
758,550
758,661
759,451
759,412
759,752
759,792
759,352
759,597
759,750
760,292
760,420
760,352
760,273
760,235
761,464
761,398
761,404
761,787
761,791
761,263
762,359
762,204
762,107
762,184
762,250
762,674
763,485
763,819
763,568
763,525
763,526
763,439
764,227
764,635
764,173
764,226
764,513
764,340
764,123
764,229
765,586
765,634
765,232
765,278
765,655
765,704
765,611
765,129
766,715
766,806
766,142
766,248
767,546
767,191
767,607
767,639
767,161
767,212
767,527
768,645
768,368
768,637
768,663
768,276
768,423
769,241
769,227
769,690
769,781
770,683
770,642
770,102
770,262
770,258
770,355
771,676
771,400
771,605
771,406
772,356
772,274
772,673
772,425
772,127
772,680
773,652
773,349
773,407
773,193
773,334
774,489
774,411
774,623
774,300
774,338
775,576
775,259
776,777
776,486
777,776
777,486
777,688
777,694
777,288
778,487
778,401
778,462
778,470
778,481
778,688
778,809
779,260
779,453
779,305
779,148
779,632
779,555
780,506
780,424
780,621
780,247
780,240
780,440
781,720
781,690
781,172
781,769
781,264
781,342
781,574
782,689
782,744
782,438
782,211
782,252
782,651
783,122
783,182
783,556
783,589
783,225
783,433
784,662
784,600
784,537
784,671
785,558
785,454
785,585
785,559
785,242
785,238
786,375
786,316
786,523
786,214
786,176
787,464
787,404
787,761
787,231
787,749
788,328
788,132
788,656
788,628
788,188
789,138
789,395
789,667
789,624
789,172
789,816
789,712
790,395
790,666
790,554
790,641
790,496
791,613
791,398
791,404
791,761
791,236
792,494
792,708
792,636
792,752
792,759
792,748
792,352
793,456
793,507
793,283
793,794
794,456
794,644
794,793
794,728
795,388
795,468
795,554
795,543
795,496
796,372
796,376
796,797
796,495
796,530
797,372
797,376
797,796
797,696
797,418
798,118
798,217
798,545
798,818
799,344
799,108
799,203
799,818
799,118
799,593
800,443
800,538
800,505
800,409
800,209
800,461
800,564
801,497
801,280
801,325
801,471
802,253
803,573
803,319
803,282
803,725
803,721
803,719
804,177
804,463
804,430
804,283
805,284
805,807
805,287
805,648
805,271
806,743
806,285
806,581
806,766
806,715
807,805
807,515
807,271
807,648
807,346
807,541
808,573
808,726
808,282
808,648
808,287
808,402
808,719
809,487
809,481
809,688
809,694
809,778
810,247
810,722
810,575
811,670
811,518
811,733
811,699
811,428
811,437
812,436
812,702
813,525
813,445
813,819
813,321
813,389
814,654
814,610
814,231
814,468
814,123
815,372
815,739
815,549
815,696
815,520
815,641
816,395
816,789
816,554
816,624
817,419
817,115
817,703
817,657
817,469
818,798
818,344
818,552
818,799
818,118
818,217
818,101
819,605
819,445
819,525
819,813
819,439
819,763
