id,timeid,z_neighbour,z_state
101,1,-0.50,-0.20
101,2,1.28,-0.11
101,3,-0.87,-0.18
101,4,-0.91,-0.21
101,5,-0.70,-0.27
101,6,-0.87,-0.57
101,7,-1.01,-0.73
102,1,-0.50,-0.20
102,2,-0.53,-0.17
102,3,-0.67,-0.31
102,4,-1.65,-0.41
102,5,-3.12,-0.46
102,6,-1.99,-0.50
102,7,-1.06,-0.48
103,1,0,-0.05
103,2,8.78,8.80
103,3,9.64,7.93
103,4,-0.01,0.61
103,5,0.06,-0.20
103,6,0.69,-0.34
103,7,1.76,-0.13
104,1,5.12,6.35
104,2,131.89,22.39
104,3,160.76,39.86
104,4,91.07,18.09
104,5,19.29,4.08
104,6,11.28,2.86
104,7,6.98,1.56
105,1,-0.14,-0.04
105,2,-0.52,-0.21
105,3,-0.75,-0.28
105,4,-0.67,-0.34
105,5,-0.59,-0.21
105,6,-0.30,0.29
105,7,-0.27,0.22
106,1,2.46,0
106,2,-0.40,0
106,3,-0.38,0
106,4,1.08,1.82
106,5,-0.04,26.18
106,6,-0.11,7.45
106,7,0.34,6.51
107,1,-0.23,0.53
107,2,-0.19,0.39
107,3,-0.28,0.25
107,4,-0.60,-0.32
107,5,0.64,0.78
107,6,0.73,0.95
107,7,0.18,0.62
108,1,-0.71,-0.33
108,2,1.51,-0.21
108,3,5.59,-0.19
108,4,6.31,-0.26
108,5,0.67,-0.40
108,6,-0.98,-0.56
108,7,-0.89,-0.62
109,1,-0.77,-0.56
109,2,-1.45,-0.67
109,3,0.36,-0.63
109,4,0.76,0.12
109,5,0.48,0.14
109,6,1.21,0.05
109,7,1.91,0.37
110,1,-0.40,-0.24
110,2,-0.47,-0.21
110,3,0.48,0.39
110,4,-0.15,0.47
110,5,-0.13,-0.05
110,6,2.28,0.28
110,7,2.41,0.51
111,1,0,-0.50
111,2,0,0
111,3,-0.80,-0.51
111,4,0.39,-0.46
111,5,-0.66,-0.58
111,6,0.73,-0.53
111,7,1.67,-0.15
112,1,0,-0.20
112,2,-0.94,-0.23
112,3,-1.18,-0.33
112,4,-1.29,-0.42
112,5,-1.08,-0.38
112,6,-0.61,-0.22
112,7,-0.37,-0.19
113,1,-0.46,-0.35
113,2,-0.18,-0.41
113,3,0.01,-0.10
113,4,0.45,-0.21
113,5,-0.14,-0.55
113,6,-0.37,-0.70
113,7,-0.13,-0.61
114,1,-0.29,-0.22
114,2,-0.55,-0.39
114,3,-0.45,-0.50
114,4,-0.25,0.33
114,5,2.71,2.73
114,6,2.23,2.73
114,7,0.78,1.81
115,1,-0.19,-0.13
115,2,-0.44,0.03
115,3,0.30,-0.22
115,4,4.72,-0.24
115,5,2.10,0.17
115,6,0.35,1.02
115,7,0.11,0.58
116,1,0,-0.24
116,2,-1.00,-0.44
116,3,-1.25,-0.34
116,4,-2.41,-0.52
116,5,-1.84,-0.71
116,6,-1.01,-0.54
116,7,-0.79,-0.54
117,1,-0.50,-0.24
117,2,-0.67,-0.44
117,3,0.34,0.19
117,4,1.78,0.01
117,5,-2.10,-0.66
117,6,-1.90,-0.48
117,7,-0.99,-0.37
118,1,-0.47,-0.33
118,2,-0.37,-0.24
118,3,0.14,-0.26
118,4,0.29,-0.33
118,5,1.12,-0.38
118,6,0.04,-0.46
118,7,-0.16,-0.54
119,1,-0.93,-0.46
119,2,-1.07,-0.26
119,3,-2.38,-0.24
119,4,-0.11,-0.25
119,5,-0.86,-0.33
119,6,-0.49,-0.19
119,7,-0.42,-0.17
120,1,0,0.03
120,2,6.38,-0.07
120,3,4.09,5.68
120,4,31.16,3.06
120,5,12.12,0.84
120,6,2.27,0.35
120,7,3.14,0.93
121,1,-0.50,-0.24
121,2,-0.68,0.01
121,3,-1.07,-0.45
121,4,-2.03,-0.54
121,5,-1.50,-0.40
121,6,-0.29,-0.35
121,7,-0.63,-0.40
122,1,-0.85,-0.46
122,2,-0.62,-0.13
122,3,-0.63,-0.21
122,4,-0.66,-0.22
122,5,-0.94,-0.36
122,6,-1.05,-0.47
122,7,-1.13,-0.49
123,1,-0.12,-0.34
123,2,-0.11,-0.39
123,3,0.25,0.12
123,4,2.30,2.74
123,5,1.37,0.79
123,6,1.42,0.86
123,7,0.70,-0.35
124,1,-0.41,-0.44
124,2,1.34,0.82
124,3,2.45,2.74
124,4,0.39,0.98
124,5,-0.11,0.06
124,6,-0.05,0.05
124,7,0.01,-0.04
125,1,0,-0.25
125,2,-0.48,-0.39
125,3,-0.14,-0.35
125,4,-0.51,-0.66
125,5,-0.45,-0.33
125,6,-0.90,-0.80
125,7,-0.42,-0.47
126,1,0,0
126,2,-1.00,-0.20
126,3,-1.00,-0.27
126,4,-1.12,-0.45
126,5,-1.11,-0.33
126,6,-2.27,-0.43
126,7,-1.68,-0.56
127,1,-0.46,-0.20
127,2,-0.45,-0.24
127,3,-0.60,-0.30
127,4,-0.62,-0.35
127,5,-0.46,-0.52
127,6,-0.14,-0.31
127,7,-0.38,-0.25
128,1,0,-0.36
128,2,-0.58,-0.56
128,3,-3.97,-1.16
128,4,-1.40,-0.98
128,5,-1.00,-0.50
128,6,0.79,-0.04
128,7,2.67,0.94
129,1,-0.58,-0.46
129,2,2.37,-0.22
129,3,-0.66,-0.18
129,4,-0.52,-0.23
129,5,-1.22,-0.46
129,6,-1.47,-0.62
129,7,-1.29,-0.55
130,1,-0.58,-0.50
130,2,-1.53,-0.52
130,3,1.27,-0.05
130,4,-1.20,-0.23
130,5,-1.31,-0.46
130,6,-1.00,-0.54
130,7,-0.73,-0.50
131,1,-0.66,-0.36
131,2,-0.78,-0.23
131,3,-0.60,-0.95
131,4,-0.57,-1.31
131,5,-0.96,-0.56
131,6,-0.99,-0.75
131,7,-0.91,-0.80
132,1,-0.50,-0.20
132,2,-0.71,-0.24
132,3,-0.43,-0.31
132,4,-0.22,-0.29
132,5,-1.89,-0.49
132,6,-1.81,-0.50
132,7,-1.47,-0.46
133,1,0,-0.24
133,2,2.55,-0.26
133,3,-1.24,-0.63
133,4,-1.08,-0.54
133,5,-0.74,-0.60
133,6,-0.63,-0.43
133,7,-0.23,-0.42
134,1,-0.30,-0.29
134,2,0.68,-0.18
134,3,2.64,0.00
134,4,1.77,0.05
134,5,1.21,0.15
134,6,-0.02,0.07
134,7,-0.60,-0.26
135,1,0,-0.24
135,2,-0.44,-0.43
135,3,-0.16,0.02
135,4,0.39,-0.11
135,5,1.86,0.03
135,6,0.99,0.01
135,7,2.22,0.32
136,1,-0.46,-0.24
136,2,1.90,-0.30
136,3,-0.41,-0.26
136,4,-0.32,-0.17
136,5,-0.30,-0.23
136,6,-0.01,0.12
136,7,-0.17,-0.16
138,1,0,-0.42
138,2,0.23,0.50
138,3,0.01,-0.05
138,4,-0.99,-0.52
138,5,-0.53,-0.25
138,6,-0.28,-0.20
138,7,-1.25,-0.36
139,1,0,-0.35
139,2,-0.70,-0.60
139,3,-0.52,-0.66
139,4,-0.37,-0.71
139,5,-0.98,-0.81
139,6,-3.13,-0.80
139,7,-1.64,-0.96
140,1,-0.54,-0.05
140,2,-0.59,-0.19
140,3,-0.83,-0.59
140,4,-0.51,0.05
140,5,-0.70,-0.39
140,6,-1.19,-0.65
140,7,-1.41,-0.65
141,1,0,-0.24
141,2,0.60,-0.28
141,3,0.36,-0.08
141,4,-0.14,-0.61
141,5,-0.07,-0.51
141,6,0.40,-0.15
141,7,-0.01,-0.29
142,1,0,-0.17
142,2,-0.60,-0.52
142,3,-1.10,-0.50
142,4,-0.18,-0.23
142,5,-0.93,-0.31
142,6,-0.79,-0.51
142,7,0.98,-0.01
143,1,-0.49,-0.20
143,2,-0.41,-0.24
143,3,-0.52,-0.32
143,4,-0.59,-0.35
143,5,-0.47,-0.42
143,6,-0.47,-0.44
143,7,-0.51,-0.37
144,1,0,-0.25
144,2,-0.44,-0.39
144,3,2.94,-0.07
144,4,1.13,-0.17
144,5,0.62,-0.35
144,6,0.71,-0.42
144,7,-0.11,-0.51
145,1,-0.60,-0.25
145,2,1.34,0.80
145,3,3.01,1.11
145,4,0.22,0.13
145,5,0.12,-0.10
145,6,0.26,0.12
145,7,-0.18,-0.03
146,1,2.71,0.02
146,2,-0.35,-0.14
146,3,-0.66,-0.70
146,4,0.73,0.63
146,5,0.18,0.24
146,6,0.39,0.57
146,7,0.57,0.36
147,1,-0.41,-0.24
147,2,-0.89,-0.44
147,3,-0.91,-0.47
147,4,-1.25,-0.52
147,5,1.42,0.62
147,6,0.91,0.26
147,7,0.69,-0.19
148,1,-1.00,-0.35
148,2,0,-0.22
148,3,1.47,0.61
148,4,-0.87,-0.79
148,5,-1.30,-0.43
148,6,-0.98,-0.37
148,7,-0.87,-0.28
149,1,-0.50,-0.35
149,2,-0.40,-0.22
149,3,-0.30,0.13
149,4,1.17,1.65
149,5,-0.43,-0.21
149,6,-0.50,-0.27
149,7,-0.55,-0.25
150,1,0,-0.35
150,2,0.63,-0.02
150,3,1.84,2.91
150,4,2.51,0.64
150,5,0.53,0.01
150,6,0.94,0.04
150,7,2.18,-0.16
151,1,-0.66,-0.35
151,2,-0.46,-0.22
151,3,-0.80,-0.31
151,4,-1.83,-0.63
151,5,-0.63,-0.35
151,6,-0.68,-0.42
151,7,-0.67,-0.38
152,1,-0.70,-0.46
152,2,3.96,-0.19
152,3,0.16,-0.18
152,4,-0.77,-0.24
152,5,0.43,-0.18
152,6,-0.04,-0.36
152,7,0.92,-0.32
153,1,0,-0.24
153,2,0,-0.35
153,3,-0.15,-0.57
153,4,-0.86,-0.77
153,5,0.45,-0.57
153,6,0.45,-0.57
153,7,1.19,-0.51
154,1,0.61,1.63
154,2,3.15,3.98
154,3,-0.37,0.02
154,4,-1.27,-0.53
154,5,-0.64,-0.34
154,6,-0.22,0.35
154,7,-0.48,-0.10
155,1,-0.45,-0.36
155,2,-0.42,-0.39
155,3,0.93,0.43
155,4,0.34,-0.36
155,5,-0.41,-0.59
155,6,-0.20,-0.64
155,7,-0.33,-0.60
156,1,-0.46,-0.50
156,2,0,0
156,3,-0.42,-0.43
156,4,-0.05,-0.42
156,5,-0.44,-0.51
156,6,-0.31,-0.47
156,7,-0.06,-0.34
157,1,-0.69,-0.41
157,2,10.22,-0.00
157,3,-0.48,-0.53
157,4,-1.12,-0.77
157,5,-1.53,-0.77
157,6,-0.83,-0.71
157,7,-0.34,-0.45
158,1,-0.41,-0.24
158,2,-0.58,-0.43
158,3,1.07,0.83
158,4,-0.09,-0.16
158,5,-0.22,-0.01
158,6,-0.27,0.12
158,7,-0.22,0.27
159,1,-0.64,-0.28
159,2,0.42,1.29
159,3,0.78,0.98
159,4,1.74,1.51
159,5,0.27,0.87
159,6,-0.29,0.07
159,7,-0.28,-0.12
160,1,-0.50,-0.41
160,2,-0.63,-0.43
160,3,-0.70,-0.64
160,4,-0.53,-0.64
160,5,-0.81,-0.79
160,6,-0.55,-0.67
160,7,-0.45,-0.25
161,1,7.00,0.91
161,2,-0.99,-0.44
161,3,-0.47,-0.48
161,4,0.99,-0.10
161,5,6.09,0.93
161,6,5.37,0.98
161,7,1.30,0.54
162,1,0,-0.25
162,2,0,-0.39
162,3,-0.65,-0.61
162,4,0.07,-0.46
162,5,1.98,-0.28
162,6,0.66,-0.39
162,7,2.59,0.15
163,1,-0.68,-0.41
163,2,-0.56,-0.42
163,3,-0.63,-0.37
163,4,-0.55,-0.25
163,5,-0.28,0.32
163,6,-0.28,-0.12
163,7,-0.36,-0.31
164,1,-0.50,-0.45
164,2,-0.85,-0.53
164,3,-1.21,-1.00
164,4,-0.76,-0.67
164,5,-0.69,-0.64
164,6,-0.60,-0.48
164,7,-0.72,-0.68
165,1,0,-0.17
165,2,-0.83,-0.52
165,3,0.39,-0.09
165,4,2.09,0.07
165,5,1.63,-0.10
165,6,-0.47,-0.43
165,7,-0.90,-0.31
166,1,-0.46,-0.20
166,2,0.15,-0.09
166,3,-0.66,-0.25
166,4,-0.60,-0.19
166,5,-0.50,0.22
166,6,-0.62,-0.01
166,7,-0.72,-0.29
167,1,0,-0.35
167,2,0,-0.22
167,3,-0.42,-0.98
167,4,-0.69,-1.04
167,5,-0.22,-0.13
167,6,-0.52,-0.20
167,7,-0.36,-0.35
168,1,0,-0.24
168,2,2.24,-0.03
168,3,2.42,0.27
168,4,2.99,0.16
168,5,-0.16,-0.33
168,6,0.30,-0.15
168,7,-0.48,-0.41
169,1,-0.45,-0.45
169,2,-0.96,-0.64
169,3,0.27,-0.62
169,4,0.08,-0.56
169,5,0.81,-0.47
169,6,6.64,0.19
169,7,2.31,0.27
170,1,-0.52,-0.33
170,2,-0.91,-0.26
170,3,-0.53,-0.29
170,4,-0.57,-0.37
170,5,-0.79,-0.45
170,6,-0.59,-0.41
170,7,-0.79,-0.52
171,1,-0.91,-0.36
171,2,-0.36,0.17
171,3,1.50,2.71
171,4,0.25,1.03
171,5,-0.32,0.17
171,6,-0.02,0.69
171,7,-0.16,0.19
172,1,-0.55,-0.42
172,2,3.57,1.89
172,3,0.35,0.49
172,4,0.12,-0.28
172,5,0.54,-0.13
172,6,0.83,0.12
172,7,0.50,0.08
173,1,-0.59,-0.42
173,2,-0.32,-0.32
173,3,-0.70,-0.99
173,4,-0.47,-0.57
173,5,-0.41,-0.22
173,6,-0.42,-0.32
173,7,-0.43,-0.30
174,1,0,11.39
174,2,30.04,4.32
174,3,17.87,2.69
174,4,88.30,7.27
174,5,103.76,35.29
174,6,95.11,22.51
174,7,76.17,23.34
175,1,0,-0.20
175,2,-1.07,-0.23
175,3,-0.72,-0.28
175,4,-0.48,-0.29
175,5,-0.51,-0.28
175,6,-0.40,-0.19
175,7,-0.26,-0.13
176,1,-0.90,-0.24
176,2,-0.83,-0.43
176,3,-1.56,-0.55
176,4,-1.04,-0.43
176,5,-1.81,-0.43
176,6,-1.39,-0.53
176,7,-1.11,-0.61
177,1,1.74,0.01
177,2,-0.67,-0.32
177,3,-0.60,-0.22
177,4,-0.61,-0.21
177,5,-0.61,-0.27
177,6,-0.61,-0.19
177,7,-0.59,0.17
178,1,0,1.64
178,2,1.05,1.43
178,3,-0.17,0.61
178,4,-1.01,-0.18
178,5,-0.96,-0.26
178,6,0.30,-0.15
178,7,-0.01,-0.09
179,1,-0.38,-0.36
179,2,-0.15,-0.15
179,3,1.39,1.37
179,4,2.09,2.07
179,5,5.85,0.95
179,6,1.45,0.33
179,7,2.14,0.61
180,1,-0.55,-0.33
180,2,-0.52,-0.26
180,3,-0.52,-0.29
180,4,-0.47,-0.37
180,5,-0.53,-0.47
180,6,-0.51,-0.60
180,7,-0.51,-0.62
181,1,-0.64,-0.41
181,2,0.35,0.33
181,3,0.12,-0.16
181,4,7.35,3.55
181,5,0.34,0.41
181,6,0.03,0.01
181,7,-0.37,-0.31
182,1,-1.00,-0.46
182,2,-0.86,-0.19
182,3,-0.97,-0.24
182,4,-0.80,-0.20
182,5,-0.67,-0.13
182,6,-0.72,-0.24
182,7,-0.78,-0.25
183,1,-0.15,0.78
183,2,-0.68,-0.17
183,3,-0.69,-0.19
183,4,-0.69,-0.23
183,5,-0.41,0.14
183,6,-0.28,0.24
183,7,-0.03,0.25
184,1,13.53,7.14
184,2,-0.55,-0.37
184,3,-0.43,-0.33
184,4,0.07,-0.44
184,5,-0.15,-0.51
184,6,0.98,0.22
184,7,-0.33,-0.44
185,1,-0.59,-0.20
185,2,-0.44,-0.24
185,3,-0.46,-0.22
185,4,-0.25,0.15
185,5,-0.91,-0.07
185,6,-1.40,-0.45
185,7,-1.28,-0.49
186,1,-0.53,-0.56
186,2,-0.58,-0.55
186,3,-0.62,-0.40
186,4,0.38,-0.25
186,5,0.46,-0.34
186,6,-0.26,-0.78
186,7,0.04,-0.78
187,1,-0.45,-0.36
187,2,-0.96,-0.39
187,3,-0.62,-0.43
187,4,-0.16,-0.30
187,5,-0.33,0.22
187,6,-0.46,-0.12
187,7,-0.45,-0.30
188,1,0,0.28
188,2,37.58,2.43
188,3,67.43,3.00
188,4,56.82,6.03
188,5,44.34,6.34
188,6,35.41,5.15
188,7,29.68,4.34
189,1,-0.45,-0.42
189,2,0.29,0.04
189,3,0.32,0.46
189,4,0.50,0.31
189,5,0.30,-0.21
189,6,-0.58,-0.37
189,7,-0.92,-0.44
190,1,-0.41,-0.35
190,2,-0.77,-0.22
190,3,-0.41,-1.07
190,4,-0.81,-1.11
190,5,-0.68,-0.38
190,6,-0.34,-0.36
190,7,-0.01,-0.44
191,1,-0.42,-0.24
191,2,-0.06,0.06
191,3,-0.31,-0.06
191,4,-0.36,-0.07
191,5,-0.67,-0.34
191,6,-0.90,-0.41
191,7,-0.97,-0.24
192,1,-0.52,-0.41
192,2,-0.40,-0.18
192,3,-0.52,-0.49
192,4,-0.32,-0.30
192,5,0.64,1.25
192,6,0.68,1.01
192,7,0.62,0.68
193,1,2.24,0.67
193,2,-0.45,-0.22
193,3,1.89,2.53
193,4,0.38,1.07
193,5,5.47,0.61
193,6,6.63,0.37
193,7,4.57,0.53
194,1,0,-0.50
194,2,0,0
194,3,1.86,-0.27
194,4,3.05,-0.40
194,5,-0.45,-0.56
194,6,-0.01,-0.56
194,7,0.83,-0.42
195,1,-0.50,-0.28
195,2,0,-0.28
195,3,-0.91,-0.59
195,4,0.26,0.67
195,5,-1.42,-1.13
195,6,-0.36,-0.15
195,7,-0.14,0.20
196,1,-0.46,-0.17
196,2,-0.60,-0.52
196,3,-0.64,-0.42
196,4,-0.74,-0.30
196,5,-1.26,-0.36
196,6,-1.24,-0.48
196,7,-0.95,-0.32
197,1,0,-0.20
197,2,7.52,0.63
197,3,-0.59,-0.26
197,4,-4.33,-0.75
197,5,-0.75,-0.29
197,6,-0.45,-0.04
197,7,1.45,0.41
198,1,0,-0.17
198,2,-0.82,-0.52
198,3,-4.16,-0.51
198,4,-0.83,-0.44
198,5,0.22,-0.22
198,6,0.98,-0.30
198,7,236.75,-0.02
199,1,-0.92,-0.46
199,2,-0.51,-0.23
199,3,-0.50,-0.21
199,4,-0.52,-0.28
199,5,-0.80,-0.44
199,6,-1.07,-0.51
199,7,-1.23,-0.50
200,1,0,-0.25
200,2,0,-0.39
200,3,0.54,-0.21
200,4,-1.62,-0.84
200,5,-1.38,-0.45
200,6,-1.09,-0.77
200,7,-1.65,-0.71
201,1,-0.45,-0.24
201,2,-0.16,-0.19
201,3,-0.96,-0.60
201,4,-1.04,-0.46
201,5,-1.16,-0.51
201,6,-0.81,-0.37
201,7,-0.65,-0.24
202,1,-0.44,-0.05
202,2,0.27,0.22
202,3,-0.51,0.02
202,4,-0.16,1.07
202,5,-0.33,0.05
202,6,-0.62,-0.40
202,7,-0.51,-0.35
203,1,8.17,-0.20
203,2,1.93,-0.22
203,3,-1.00,-0.29
203,4,-0.58,-0.36
203,5,-0.37,-0.42
203,6,-0.32,-0.52
203,7,-0.23,-0.55
204,1,-0.50,-0.41
204,2,-0.89,-0.43
204,3,-1.39,-0.67
204,4,-1.38,-0.77
204,5,-0.57,-0.75
204,6,-0.75,-0.69
204,7,-0.49,-0.48
205,1,-0.68,-0.20
205,2,-1.37,-0.24
205,3,0.50,0.56
205,4,-0.54,0.10
205,5,-0.75,-0.44
205,6,-0.75,-0.52
205,7,-0.78,-0.57
206,1,0,-0.36
206,2,2.83,1.51
206,3,0.23,0.48
206,4,-0.56,-0.67
206,5,-0.72,-0.31
206,6,0.12,-0.13
206,7,-1.02,-0.62
207,1,2.87,0
207,2,2.87,0.00
207,3,4.96,0.57
207,4,0.41,-0.20
207,5,3.68,0.08
207,6,10.08,0.82
207,7,5.58,0.25
209,1,-0.65,-0.42
209,2,-0.78,-0.60
209,3,-0.74,-1.11
209,4,-0.96,-0.67
209,5,-0.62,-0.35
209,6,-0.47,-0.44
209,7,-0.56,-0.46
210,1,-0.45,-0.33
210,2,0.13,0.68
210,3,-0.58,-0.30
210,4,-0.89,-0.36
210,5,-0.99,-0.81
210,6,0.04,-0.06
210,7,-0.79,-0.51
211,1,-0.46,-0.35
211,2,-0.46,-0.60
211,3,-0.84,-0.77
211,4,-0.44,-0.75
211,5,-1.14,-0.83
211,6,-0.24,-0.71
211,7,-0.63,-0.82
212,1,0,-0.35
212,2,-0.96,-0.60
212,3,-1.06,-0.78
212,4,-1.30,-0.86
212,5,-1.08,-0.73
212,6,-0.99,-0.76
212,7,-1.01,-0.83
213,1,-0.70,-0.40
213,2,0,0
213,3,-0.70,-0.40
213,4,-0.96,-0.78
213,5,-0.67,-0.51
213,6,-0.69,-0.62
213,7,-0.72,-0.71
214,1,-0.50,-0.24
214,2,-1.02,-0.44
214,3,-1.00,-0.64
214,4,-0.44,-0.42
214,5,-0.01,-0.04
214,6,-0.52,-0.32
214,7,-0.48,-0.45
215,1,0,-0.28
215,2,0,-0.28
215,3,-0.60,-0.40
215,4,-1.04,-1.05
215,5,-1.13,-1.24
215,6,0.41,-0.33
215,7,-1.35,-0.51
216,1,4.20,0
216,2,-0.75,0
216,3,9.05,0
216,4,2.30,0
216,5,1.01,0
216,6,1.78,0
216,7,47.84,0
217,1,-0.48,-0.33
217,2,-0.57,-0.26
217,3,-0.42,-0.29
217,4,-0.37,-0.37
217,5,-0.27,-0.46
217,6,-0.29,-0.55
217,7,-0.12,-0.46
218,1,0,0
218,2,-0.50,-0.20
218,3,-0.38,9.80
218,4,3.07,8.40
218,5,-0.15,0.60
218,6,-0.29,1.28
218,7,2.47,0.72
219,1,0,-0.17
219,2,0,-0.52
219,3,-0.08,-0.47
219,4,-1.44,-0.49
219,5,-0.74,-0.39
219,6,-0.64,-0.60
219,7,-0.66,-0.31
220,1,0,-0.56
220,2,-0.42,-0.68
220,3,-1.17,-0.50
220,4,-1.49,-0.45
220,5,-4.09,-0.71
220,6,-1.71,-1.24
220,7,-3.06,-1.50
221,1,-0.82,-0.20
221,2,-0.63,-0.32
221,3,-1.48,-0.76
221,4,-1.06,-0.44
221,5,-0.84,-0.09
221,6,-1.09,-0.65
221,7,-0.57,-0.44
222,1,0,3.50
222,2,25.27,15.02
222,3,46.01,66.72
222,4,53.37,72.34
222,5,27.17,19.59
222,6,17.36,11.17
222,7,21.37,10.72
223,1,0,-0.20
223,2,-0.71,-0.24
223,3,-0.43,-0.30
223,4,-0.17,-0.25
223,5,-0.27,-0.12
223,6,-0.53,-0.31
223,7,-0.53,-0.30
224,1,-0.45,-0.20
224,2,-0.52,-0.21
224,3,-0.66,-0.32
224,4,-0.55,-0.28
224,5,-0.68,-0.40
224,6,-0.52,-0.32
224,7,-0.50,-0.37
225,1,-0.45,-0.46
225,2,-0.39,-0.23
225,3,-0.47,-0.23
225,4,-0.52,-0.28
225,5,-0.67,-0.47
225,6,-1.02,-0.57
225,7,-0.92,-0.53
226,1,7.87,0.75
226,2,-0.54,-0.14
226,3,0.01,0.21
226,4,-0.63,-0.49
226,5,-0.74,-0.22
226,6,-0.87,-0.37
226,7,-0.95,-0.37
227,1,-1.33,-0.42
227,2,-0.45,-0.60
227,3,-1.35,-0.91
227,4,-0.75,-0.60
227,5,-0.89,-0.32
227,6,-1.44,-0.34
227,7,-1.83,-0.28
228,1,0,-0.17
228,2,0,-0.52
228,3,0.34,-0.18
228,4,-1.05,-0.44
228,5,-1.91,-0.39
228,6,-0.80,-0.53
228,7,-1.01,-0.32
229,1,-0.82,-0.27
229,2,-0.63,-0.60
229,3,-0.71,-0.69
229,4,-0.89,-0.64
229,5,-0.90,-0.37
229,6,-0.99,-0.42
229,7,-1.16,-0.31
230,1,0,-0.24
230,2,-0.90,-0.44
230,3,-0.37,-0.51
230,4,0.03,-0.57
230,5,-0.69,-0.71
230,6,-0.49,-0.60
230,7,-0.43,-0.52
231,1,-0.15,-0.61
231,2,1.43,-0.12
231,3,0.08,0.36
231,4,-0.23,0.05
231,5,0.91,0.08
231,6,1.37,0.37
231,7,1.59,0.62
232,1,-0.41,-0.41
232,2,-0.44,-0.43
232,3,0.07,-0.05
232,4,-0.96,-0.69
232,5,-1.57,-0.82
232,6,-0.64,-0.51
232,7,-0.48,-0.41
233,1,0,-0.28
233,2,0,-0.28
233,3,16.41,5.08
233,4,2.69,1.64
233,5,6.42,1.27
233,6,0.90,-0.25
233,7,1.66,0.10
234,1,-0.17,-0.22
234,2,-0.54,-0.34
234,3,-0.28,-0.40
234,4,-0.21,-0.21
234,5,-0.60,-0.43
234,6,-0.95,-0.73
234,7,-0.55,-0.46
235,1,-0.89,-0.36
235,2,3.07,1.09
235,3,-0.37,-0.24
235,4,0.94,-0.21
235,5,9.67,-0.05
235,6,8.05,0.80
235,7,8.43,1.62
236,1,-0.54,-0.50
236,2,0.07,-0.27
236,3,2.09,-0.02
236,4,1.07,-0.18
236,5,0.18,-0.30
236,6,1.91,0.42
236,7,2.47,1.06
237,1,-0.38,-0.25
237,2,-0.50,-0.27
237,3,0.01,0.26
237,4,1.47,1.76
237,5,0.98,0.41
237,6,0.79,1.36
237,7,1.00,2.20
238,1,-0.71,0
238,2,-0.77,0
238,3,-0.74,0
238,4,-0.68,1.77
238,5,-0.68,0.52
238,6,-0.61,1.65
238,7,-0.65,2.56
239,1,0,-0.46
239,2,-0.67,-0.25
239,3,-0.22,-0.23
239,4,-0.19,-0.28
239,5,3.33,-0.31
239,6,1.33,-0.22
239,7,-0.48,-0.40
240,1,0,-0.50
240,2,0,0
240,3,-80.00,-0.48
240,4,-1.04,-0.46
240,5,-0.67,-0.35
240,6,0.86,-0.31
240,7,2.81,-0.54
241,1,-0.45,0.02
241,2,-0.12,-0.14
241,3,0.35,0.24
241,4,0.50,0.38
241,5,3.90,0.19
241,6,1.64,0.01
241,7,2.18,0.15
242,1,0,0
242,2,0,0
242,3,0,-1.00
242,4,0,0.44
242,5,0,1.63
242,6,0,0.51
242,7,0,0.12
243,1,-0.45,-0.20
243,2,-0.50,-0.24
243,3,-0.59,-0.29
243,4,-0.76,-0.34
243,5,-0.64,-0.37
243,6,-0.29,-0.16
243,7,-0.29,-0.17
244,1,-0.58,-0.46
244,2,-0.71,-0.26
244,3,-0.68,-0.25
244,4,-0.83,-0.29
244,5,-0.78,-0.52
244,6,-0.75,-0.65
244,7,-0.74,-0.62
246,1,0,-0.36
246,2,0,-0.56
246,3,-0.35,-0.43
246,4,0.64,0.96
246,5,-0.64,-0.48
246,6,-2.01,-0.44
246,7,-1.34,-0.33
247,1,-0.46,-0.50
247,2,0,0
247,3,-0.30,-0.47
247,4,2.42,-0.21
247,5,3.47,-0.16
247,6,2.73,-0.24
247,7,1.54,-0.32
248,1,0,-0.17
248,2,-0.53,-0.52
248,3,-0.54,-0.46
248,4,-0.45,-0.19
248,5,-0.33,0.01
248,6,-0.40,-0.09
248,7,-0.53,-0.31
249,1,-0.82,-0.20
249,2,-0.50,-0.24
249,3,-0.79,-0.31
249,4,-1.05,-0.36
249,5,-0.90,-0.24
249,6,-0.89,-0.17
249,7,-0.88,-0.15
250,1,-0.48,-0.41
250,2,-0.54,-0.29
250,3,-0.50,-0.55
250,4,-0.79,-0.54
250,5,-0.82,-0.64
250,6,-0.84,-0.75
250,7,-0.71,-0.62
251,1,1.03,-0.13
251,2,-0.50,-0.60
251,3,12.67,1.38
251,4,-0.09,-0.37
251,5,0.03,-0.20
251,6,0.26,-0.03
251,7,0.20,-0.05
252,1,16.74,21.14
252,2,-0.13,5.30
252,3,1.79,2.41
252,4,3.34,3.91
252,5,2.51,2.49
252,6,0.92,1.38
252,7,2.26,2.66
254,1,0,-0.25
254,2,-0.71,-0.39
254,3,-0.39,-0.44
254,4,-0.79,-0.70
254,5,-1.34,-0.47
254,6,-1.61,-0.94
254,7,-3.74,-0.83
255,1,0,-0.20
255,2,1.75,-0.13
255,3,-0.67,-0.62
255,4,-0.59,-0.58
255,5,-0.48,-0.28
255,6,0.68,-0.09
255,7,-0.21,-0.35
256,1,-0.55,-0.24
256,2,-0.66,-0.44
256,3,0.94,-0.16
256,4,-0.28,-0.25
256,5,-0.18,0.08
256,6,0.03,0.30
256,7,-0.07,0.05
257,1,-1.00,-0.46
257,2,-3.00,-0.26
257,3,-0.66,-0.24
257,4,-1.00,-0.28
257,5,-1.09,-0.51
257,6,-1.12,-0.57
257,7,-0.72,-0.35
258,1,-0.47,-0.20
258,2,-0.44,-0.10
258,3,-0.50,-0.12
258,4,-0.33,0.07
258,5,-0.46,-0.17
258,6,-0.51,-0.35
258,7,-0.49,-0.34
259,1,0,0
259,2,-1.00,-0.64
259,3,27.96,20.36
259,4,-0.51,-0.62
259,5,0.51,0.04
259,6,-1.03,-0.61
259,7,7.28,-0.14
260,1,-0.50,-0.35
260,2,-0.40,-0.22
260,3,-0.99,-0.93
260,4,-0.79,-1.03
260,5,-0.60,-0.48
260,6,-0.58,-0.41
260,7,-0.45,-0.25
261,1,0,-0.20
261,2,-0.05,-0.13
261,3,1.26,0.57
261,4,1.66,0.42
261,5,-0.00,-0.02
261,6,1.54,1.18
261,7,-0.57,-0.07
262,1,-0.47,-0.20
262,2,-0.40,-0.02
262,3,-0.42,-0.02
262,4,-0.52,-0.25
262,5,-0.49,-0.21
262,6,-0.47,-0.14
262,7,-0.39,-0.03
263,1,-0.59,-0.50
263,2,-0.82,-0.57
263,3,-0.88,-0.24
263,4,-0.80,-0.24
263,5,-0.94,-0.44
263,6,-1.34,-0.73
263,7,-1.41,-0.67
264,1,-0.32,-0.27
264,2,-0.30,-0.23
264,3,-0.65,-0.69
264,4,2.49,-0.17
264,5,3.29,0.03
264,6,1.14,0.01
264,7,0.80,-0.06
265,1,-0.40,-0.17
265,2,-0.41,-0.52
265,3,-0.21,-0.41
265,4,1.20,-0.20
265,5,-0.38,-0.35
265,6,-0.62,-0.47
265,7,-0.69,-0.31
266,1,0,-0.25
266,2,-0.49,-0.27
266,3,-0.89,-0.53
266,4,-0.92,-0.55
266,5,-1.44,-0.39
266,6,-0.52,-0.43
266,7,-0.73,-0.35
267,1,-0.58,-0.41
267,2,-0.81,-0.40
267,3,-0.69,-0.51
267,4,-0.03,0.57
267,5,-0.16,0.04
267,6,0.48,-0.22
267,7,-0.21,-0.39
268,1,0,-0.17
268,2,1.94,1.61
268,3,0.60,-0.21
268,4,17.23,0.55
268,5,2.63,-0.14
268,6,2.42,-0.20
268,7,-0.51,-0.32
269,1,-0.70,-0.33
269,2,-0.34,-0.24
269,3,-0.38,-0.27
269,4,-0.06,-0.27
269,5,-0.28,-0.35
269,6,-0.24,-0.36
269,7,-0.22,-0.37
270,1,-0.36,-0.17
270,2,-0.38,-0.52
270,3,-0.05,-0.35
270,4,0.53,-0.29
270,5,3.16,0.03
270,6,4.04,1.33
270,7,3.75,0.81
271,1,-0.36,-0.17
271,2,-0.36,-0.52
271,3,-0.34,-0.49
271,4,0.01,-0.19
271,5,-0.36,-0.37
271,6,-0.41,-0.60
271,7,-0.59,-0.32
272,1,0,0
272,2,-0.58,0
272,3,-0.30,4.86
272,4,1.60,3.62
272,5,-0.16,2.71
272,6,1.86,5.49
272,7,0.77,1.55
273,1,-0.90,-0.50
273,2,0.81,0.35
273,3,0.07,-0.22
273,4,-0.26,-0.20
273,5,-0.19,-0.24
273,6,0.17,-0.22
273,7,0.91,-0.23
274,1,-0.45,-0.20
274,2,-0.29,-0.22
274,3,-0.51,-0.30
274,4,-0.71,-0.35
274,5,-0.61,-0.57
274,6,-0.50,-0.50
274,7,-0.65,-0.49
275,1,0,0
275,2,0,0
275,3,0,-1.00
275,4,0,-6.20
275,5,0,-7.34
275,6,0,-7.12
275,7,0,-3.57
276,1,0,-0.44
276,2,-0.75,-0.82
276,3,-0.82,-1.15
276,4,-0.74,-0.97
276,5,-0.73,-0.68
276,6,-0.79,-0.64
276,7,-0.64,-0.57
277,1,0,-0.20
277,2,-0.71,-0.32
277,3,-0.71,-0.73
277,4,-0.91,-0.90
277,5,-0.88,-0.66
277,6,-1.02,-0.64
277,7,0.11,-0.35
278,1,3.25,0.15
278,2,-0.84,-0.41
278,3,0.90,0.48
278,4,0.69,-0.43
278,5,-0.56,-0.67
278,6,-0.47,-0.63
278,7,-0.45,-0.51
279,1,-0.10,0.67
279,2,-0.50,-0.22
279,3,-0.03,-0.13
279,4,0.16,0.43
279,5,-0.13,0.55
279,6,0.08,0.99
279,7,-0.03,0.84
280,1,-0.50,-0.36
280,2,0.64,-0.15
280,3,0.98,-0.10
280,4,-0.14,-0.47
280,5,0.37,0.01
280,6,1.48,0.68
280,7,1.05,0.77
281,1,0,-0.58
281,2,0,-0.41
281,3,0,-0.40
281,4,0,0
281,5,0,0
281,6,0,0
281,7,0,0
282,1,0,0
282,2,0,-0.30
282,3,-1.15,-0.44
282,4,-0.68,-0.80
282,5,-0.86,-0.39
282,6,-0.39,-0.33
282,7,-0.21,-0.31
283,1,0.36,0.18
283,2,1.13,-0.60
283,3,3.00,-0.29
283,4,2.11,0.49
283,5,2.77,2.44
283,6,2.06,2.58
283,7,2.56,3.73
284,1,-0.70,0
284,2,-0.70,-0.30
284,3,-0.80,-0.44
284,4,-1.65,-0.57
284,5,-0.81,-0.30
284,6,-0.72,-0.40
284,7,-0.62,-0.35
285,1,0,0
285,2,0,-0.20
285,3,-0.50,-0.27
285,4,-0.79,-0.45
285,5,-0.48,-0.20
285,6,-0.04,0.72
285,7,-0.64,-0.23
287,1,0,0
287,2,0,0
287,3,43.60,15.62
287,4,2.91,3.37
287,5,13.42,19.88
287,6,16.99,8.49
287,7,11.97,14.49
288,1,0,0
288,2,0,-0.20
288,3,-0.60,-0.27
288,4,-0.23,0.42
288,5,-0.43,-0.03
288,6,-0.32,0.65
288,7,5.31,0.14
289,1,-0.70,0
289,2,0,0
289,3,-0.86,-0.70
289,4,0.09,0.82
289,5,6.86,6.60
289,6,5.52,10.97
289,7,3.10,11.36
290,1,0,-0.20
290,2,0,-0.32
290,3,6.54,2.11
290,4,3.49,2.52
290,5,5.74,3.49
290,6,4.84,3.75
290,7,2.79,2.54
291,1,6.82,0.09
291,2,-0.58,-0.62
291,3,-0.58,-0.91
291,4,-0.52,-0.59
291,5,-0.08,0.43
291,6,-0.04,0.19
291,7,-0.12,0.27
292,1,3.54,3.29
292,2,0.00,-0.04
292,3,-0.74,-0.25
292,4,-0.42,-0.24
292,5,-0.55,-0.45
292,6,-0.30,-0.50
292,7,-0.15,-0.23
293,1,-0.46,-0.24
293,2,-0.56,-0.39
293,3,-0.59,-0.57
293,4,-1.03,-0.50
293,5,-1.14,-0.65
293,6,-0.40,-0.54
293,7,-0.43,-0.49
294,1,-0.40,-0.24
294,2,-0.51,-0.37
294,3,-0.54,-0.48
294,4,0.16,0.02
294,5,0.39,-0.37
294,6,1.81,-0.27
294,7,1.96,-0.12
295,1,-0.42,2.16
295,2,0.05,1.91
295,3,0.17,1.69
295,4,0.81,2.84
295,5,1.93,5.16
295,6,2.23,4.46
295,7,1.17,2.15
296,1,0,-0.45
296,2,1.00,-0.48
296,3,0.64,-0.41
296,4,0.22,-0.58
296,5,-0.24,-0.50
296,6,-1.12,-0.59
296,7,0.55,-0.01
297,1,0,-0.24
297,2,-1.22,-0.44
297,3,0.28,-0.51
297,4,-0.26,-0.37
297,5,-0.74,-0.48
297,6,-0.55,-0.47
297,7,-0.44,-0.43
298,1,-0.60,-0.56
298,2,-0.96,-0.68
298,3,-0.71,-0.47
298,4,-0.18,-0.42
298,5,-0.57,-0.62
298,6,-0.35,-0.78
298,7,-0.58,-1.03
299,1,-0.66,-0.45
299,2,-1.00,-0.53
299,3,-0.83,-0.44
299,4,-0.97,-0.48
299,5,-1.04,-0.46
299,6,-0.98,-0.52
299,7,-1.19,-0.92
300,1,-0.54,-0.24
300,2,-0.51,-0.44
300,3,-0.46,-0.42
300,4,-0.32,-0.45
300,5,-0.38,-0.50
300,6,-0.39,-0.45
300,7,-0.47,-0.50
301,1,0,-0.45
301,2,-0.72,-0.64
301,3,0.65,-0.58
301,4,0.99,-0.56
301,5,-0.28,-0.57
301,6,-0.23,-0.65
301,7,-0.10,-0.77
302,1,-0.41,-0.45
302,2,-0.45,-0.59
302,3,-0.76,-0.64
302,4,-0.44,-0.60
302,5,-0.19,-0.36
302,6,0.17,-0.19
302,7,0.20,-0.02
303,1,-0.58,-0.24
303,2,-0.07,1.06
303,3,0.07,1.28
303,4,0.57,0.26
303,5,-1.28,-0.60
303,6,-0.86,-0.49
303,7,-0.31,-0.36
304,1,-0.60,-0.42
304,2,-0.64,-0.41
304,3,-0.40,-0.71
304,4,-0.60,-0.50
304,5,-0.87,-0.29
304,6,-0.92,-0.27
304,7,-0.58,-0.21
305,1,-0.50,-0.33
305,2,-0.62,-0.26
305,3,0.68,-0.29
305,4,-0.12,-0.38
305,5,0.25,-0.47
305,6,-0.40,-0.61
305,7,-0.67,-0.69
306,1,0,-0.25
306,2,-0.58,-0.39
306,3,-0.51,-0.41
306,4,0.14,0.88
306,5,-0.83,0.08
306,6,-1.06,-0.23
306,7,-1.02,-0.67
307,1,-0.97,-0.44
307,2,-1.07,-0.34
307,3,-1.28,-0.84
307,4,-2.10,-1.08
307,5,-0.65,-0.45
307,6,-0.55,0.02
307,7,-0.16,0.28
308,1,0.68,1.89
308,2,-0.49,-0.23
308,3,-0.47,-0.11
308,4,-0.43,-0.06
308,5,-0.29,-0.03
308,6,-0.19,-0.05
308,7,-0.05,-0.11
309,1,0,-0.41
309,2,-1.03,-0.43
309,3,-1.93,-0.66
309,4,-0.66,-0.69
309,5,-0.72,-0.69
309,6,-0.65,-0.63
309,7,-0.88,-0.63
310,1,-0.45,-0.25
310,2,-0.50,-0.39
310,3,13.80,7.62
310,4,2.99,5.17
310,5,3.58,16.53
310,6,0.47,3.22
310,7,-0.27,0.61
311,1,0,-0.20
311,2,-0.14,-0.04
311,3,0.19,2.01
311,4,-0.48,-0.25
311,5,-0.55,-0.04
311,6,-0.71,-0.36
311,7,-0.89,-0.39
312,1,-0.45,-0.35
312,2,-0.66,-0.22
312,3,-0.63,-0.66
312,4,-0.64,-0.76
312,5,-0.48,-0.41
312,6,-0.61,-0.44
312,7,-0.54,-0.41
313,1,14.84,15.17
313,2,3.11,0.95
313,3,1.90,2.30
313,4,0.91,8.87
313,5,0.79,2.96
313,6,0.63,0.32
313,7,0.70,0.50
314,1,1.86,0.28
314,2,-0.33,-0.15
314,3,-0.36,-0.62
314,4,-0.31,-0.25
314,5,0.05,0.59
314,6,0.14,0.23
314,7,-0.12,0.02
315,1,-0.27,0.91
315,2,0.61,0.46
315,3,0.84,1.79
315,4,0.93,3.67
315,5,2.51,3.69
315,6,2.30,0.50
315,7,2.41,0.99
316,1,-0.54,-0.24
316,2,-0.24,-0.30
316,3,0.73,0.24
316,4,0.66,0.13
316,5,-0.46,-0.14
316,6,-0.25,-0.04
316,7,-0.12,-0.26
317,1,0,-0.05
317,2,0,-0.26
317,3,2.25,-0.22
317,4,-0.68,-0.27
317,5,-0.42,-0.36
317,6,0.04,-0.28
317,7,-0.69,-0.43
318,1,0,-0.20
318,2,-0.54,-0.23
318,3,-0.80,-0.28
318,4,-0.14,0.01
318,5,-0.11,0.28
318,6,0.40,0.13
318,7,2.07,0.33
319,1,0,-0.17
319,2,2.31,1.61
319,3,0.32,-0.18
319,4,-0.68,-0.44
319,5,-0.41,-0.31
319,6,-0.33,-0.42
319,7,-0.73,-0.32
320,1,0,-0.20
320,2,-0.71,-0.32
320,3,-0.82,-0.78
320,4,-0.78,-0.90
320,5,-0.62,-0.67
320,6,-0.33,-0.36
320,7,-0.95,-0.56
321,1,-0.35,-0.17
321,2,-0.09,0.00
321,3,6.31,1.65
321,4,0.63,0.10
321,5,1.38,0.06
321,6,0.14,-0.05
321,7,-0.78,-0.32
322,1,0,0
322,2,0,2.46
322,3,-0.49,-0.25
322,4,-0.32,-0.10
322,5,2.44,0.94
322,6,2.79,0.01
322,7,-0.49,-0.44
323,1,0,-0.24
323,2,-0.62,-0.43
323,3,-0.65,-0.25
323,4,-0.54,-0.41
323,5,-0.14,-0.38
323,6,0.71,-0.04
323,7,0.11,-0.16
324,1,1.74,-0.29
324,2,0,-0.26
324,3,4.49,-0.29
324,4,-0.25,-0.37
324,5,-0.44,-0.47
324,6,0.85,-0.58
324,7,0.83,-0.58
325,1,0.17,0.28
325,2,0.74,0.33
325,3,2.39,0.36
325,4,-0.48,-0.41
325,5,-1.06,-0.28
325,6,-1.29,-0.30
325,7,-0.85,-0.02
326,1,0,-0.24
326,2,-0.65,-0.44
326,3,0.42,-0.23
326,4,4.11,0.19
326,5,4.74,0.75
326,6,7.21,1.93
326,7,7.51,1.84
327,1,-0.40,-0.20
327,2,-0.43,-0.32
327,3,-0.44,-0.28
327,4,-0.32,0.10
327,5,-0.36,-0.42
327,6,-0.38,-0.51
327,7,-0.40,-0.46
328,1,-0.61,-0.20
328,2,-0.46,-0.24
328,3,-0.49,-0.33
328,4,-0.54,-0.38
328,5,-0.51,-0.48
328,6,-0.59,-0.40
328,7,-0.78,-0.43
329,1,1.33,1.63
329,2,2.29,1.73
329,3,1.85,1.05
329,4,1.43,0.23
329,5,4.39,1.25
329,6,2.83,-0.15
329,7,2.00,-0.23
330,1,-0.99,-0.45
330,2,-0.60,-0.48
330,3,0.21,0.70
330,4,-0.71,-0.37
330,5,-0.31,-0.37
330,6,1.05,0.05
330,7,0.62,0.15
331,1,4.03,5.80
331,2,0.86,2.08
331,3,5.41,8.28
331,4,3.55,6.54
331,5,1.55,3.08
331,6,1.10,1.84
331,7,2.22,2.43
332,1,1.72,0.12
332,2,0.31,-0.21
332,3,2.63,-0.01
332,4,1.62,0.47
332,5,2.69,2.89
332,6,15.88,2.36
332,7,9.69,2.84
333,1,-0.58,-0.17
333,2,1.74,0.00
333,3,-0.03,-0.17
333,4,-0.17,-0.34
333,5,0.93,-0.06
333,6,-0.18,-0.27
333,7,-1.04,-0.31
334,1,-0.40,-0.33
334,2,-0.43,-0.68
334,3,0.29,4.13
334,4,0.16,3.34
334,5,-0.51,1.50
334,6,-0.50,1.17
334,7,-0.53,0.78
335,1,-0.58,-0.41
335,2,0.39,-0.36
335,3,-0.84,-0.63
335,4,-1.17,-0.71
335,5,-0.66,-0.68
335,6,-0.94,-0.80
335,7,-1.43,-0.72
336,1,-0.88,-0.24
336,2,-1.37,0.01
336,3,-0.76,0.30
336,4,-0.56,1.01
336,5,-0.89,-0.05
336,6,-1.53,-0.56
336,7,-1.45,-0.54
337,1,0,-0.20
337,2,-1.21,-0.24
337,3,-0.79,-0.32
337,4,-0.51,-0.33
337,5,-0.54,-0.28
337,6,-2.05,-0.38
337,7,-1.25,-0.37
338,1,-0.43,-0.24
338,2,-0.61,-0.41
338,3,-0.46,-0.48
338,4,-0.19,-0.06
338,5,-0.34,-0.01
338,6,-0.48,-0.19
338,7,-0.42,-0.09
339,1,-0.60,-0.35
339,2,-0.65,0.74
339,3,-0.93,-0.10
339,4,0.08,0.58
339,5,1.09,1.83
339,6,2.47,3.41
339,7,0.62,1.44
340,1,-0.70,-0.42
340,2,-0.64,-0.60
340,3,0.89,0.58
340,4,0.44,-0.19
340,5,-0.27,-0.23
340,6,0.04,-0.14
340,7,0.17,-0.01
341,1,-0.50,-0.24
341,2,-0.52,-0.37
341,3,-0.64,-0.60
341,4,-0.53,-0.26
341,5,-1.83,-0.71
341,6,-1.14,-0.65
341,7,-1.08,-0.58
342,1,-0.81,-0.42
342,2,-1.04,-0.60
342,3,-0.98,-0.95
342,4,-0.89,-0.56
342,5,-1.09,-0.32
342,6,-1.01,-0.33
342,7,-1.32,-0.32
343,1,-0.64,-0.20
343,2,-0.39,-0.04
343,3,0.74,1.48
343,4,1.09,0.69
343,5,-0.46,0.25
343,6,-0.45,-0.05
343,7,-0.63,-0.29
344,1,-0.57,-0.33
344,2,0.37,-0.24
344,3,1.78,-0.27
344,4,0.35,-0.36
344,5,-1.40,-0.46
344,6,-1.11,-0.59
344,7,-1.15,-0.65
345,1,0,-0.13
345,2,-0.34,-0.55
345,3,0.56,-0.37
345,4,-0.07,-0.33
345,5,0.89,-0.26
345,6,1.44,-0.06
345,7,3.57,0.51
346,1,0,-0.17
346,2,0,-0.52
346,3,2.70,0.14
346,4,0.84,0.24
346,5,0.41,-0.14
346,6,0.07,-0.30
346,7,1.17,-0.04
347,1,-0.33,-0.09
347,2,0,0
347,3,-0.02,0.16
347,4,-0.09,0.16
347,5,-0.21,0.02
347,6,-0.24,0.04
347,7,-0.30,0.03
348,1,0,-0.20
348,2,2.40,-0.06
348,3,-0.03,-0.29
348,4,-2.07,-0.41
348,5,-1.09,-0.37
348,6,0.61,-0.23
348,7,-0.67,-0.33
349,1,0.33,1.01
349,2,-0.56,-0.59
349,3,0.39,0.24
349,4,-0.43,-0.40
349,5,-0.07,-0.22
349,6,-0.16,-0.40
349,7,0.26,-0.07
350,1,-0.63,-0.09
350,2,0,0
350,3,0.56,1.72
350,4,0.33,1.43
350,5,-0.14,0.78
350,6,-0.47,0.41
350,7,-0.79,0.07
351,1,169.00,107.15
351,2,53.24,26.15
351,3,32.11,66.24
351,4,46.02,59.50
351,5,28.26,30.04
351,6,13.80,10.43
351,7,7.62,6.32
352,1,-0.04,-0.40
352,2,-0.81,-0.06
352,3,-0.64,-1.07
352,4,-1.57,-1.88
352,5,-1.13,-1.06
352,6,-1.37,-1.08
352,7,-1.10,-1.43
353,1,-0.70,-0.28
353,2,0,0
353,3,-0.05,0.35
353,4,-2.00,-0.87
353,5,-3.97,-0.24
353,6,-0.13,1.14
353,7,-0.51,0.50
354,1,0,0
354,2,-0.50,-0.28
354,3,6.43,2.35
354,4,0.52,0.47
354,5,1.95,2.37
354,6,5.35,7.92
354,7,5.87,7.85
355,1,16.73,30.54
355,2,36.49,18.91
355,3,9.45,12.77
355,4,16.14,7.12
355,5,24.29,4.28
355,6,22.46,5.87
355,7,22.16,6.22
356,1,0,1.09
356,2,48.16,0.07
356,3,36.61,0.24
356,4,18.08,0.18
356,5,14.25,0.68
356,6,20.25,2.29
356,7,20.53,2.26
357,1,0,-0.25
357,2,-2.83,-0.39
357,3,-11.24,0.01
357,4,-0.52,0.20
357,5,-0.39,-0.19
357,6,-1.17,-0.57
357,7,-0.97,-0.32
358,1,-0.45,-0.20
358,2,-0.64,-0.30
358,3,2.91,-0.19
358,4,-0.79,-0.21
358,5,-0.79,-0.28
358,6,-0.13,-0.08
358,7,0.28,0.11
359,1,9.47,3.18
359,2,13.72,10.48
359,3,11.47,5.58
359,4,8.15,3.12
359,5,1.38,1.72
359,6,1.90,2.45
359,7,5.00,5.41
360,1,-0.71,-0.41
360,2,-0.61,-0.20
360,3,-0.77,-0.54
360,4,-0.98,-0.69
360,5,-1.78,-0.78
360,6,-1.56,-0.81
360,7,-1.32,-0.60
361,1,-0.50,-0.25
361,2,2.52,1.83
361,3,4.69,2.33
361,4,0.28,0.36
361,5,0.53,0.02
361,6,0.04,-0.03
361,7,0.07,0.27
362,1,0.07,0.76
362,2,12.01,3.20
362,3,2.59,1.51
362,4,1.24,1.69
362,5,1.44,2.47
362,6,0.68,1.34
362,7,1.48,2.02
363,1,0,-0.24
363,2,-0.36,-0.43
363,3,0.37,-0.35
363,4,-0.17,-0.33
363,5,-0.56,-0.61
363,6,-0.16,-0.42
363,7,-0.17,-0.42
364,1,0.38,-0.29
364,2,-0.86,-0.24
364,3,0.25,-0.19
364,4,1.42,-0.03
364,5,1.18,0.05
364,6,1.27,0.28
364,7,1.15,0.29
365,1,-0.91,-0.33
365,2,-0.70,-0.25
365,3,-0.58,-0.28
365,4,-0.59,-0.33
365,5,-0.59,-0.38
365,6,-0.85,-0.51
365,7,-0.80,-0.57
366,1,-0.82,-0.41
366,2,-0.74,-0.43
366,3,-0.18,-0.24
366,4,-0.51,-0.35
366,5,0.34,0.30
366,6,-1.42,-0.75
366,7,-2.59,-0.76
367,1,-0.58,-0.50
367,2,0,0
367,3,0.34,-0.49
367,4,1.18,-0.28
367,5,0.66,-0.37
367,6,0.83,-0.40
367,7,0.99,-0.23
368,1,4.81,0.72
368,2,1.33,-0.23
368,3,6.20,-0.02
368,4,2.43,0.04
368,5,2.32,-0.02
368,6,31.05,0.97
368,7,33.76,4.67
369,1,-0.65,-0.46
369,2,-0.58,-0.26
369,3,1.30,-0.21
369,4,1.90,-0.22
369,5,0.14,-0.23
369,6,1.11,0.55
369,7,1.68,1.35
370,1,0,-0.20
370,2,-0.92,-0.32
370,3,-0.95,-0.78
370,4,-0.92,-0.62
370,5,-1.49,-0.81
370,6,-1.55,-0.74
370,7,-1.69,-0.50
371,1,-0.47,-0.36
371,2,-0.47,-0.56
371,3,-0.68,-1.12
371,4,-1.23,-1.69
371,5,0.51,-0.31
371,6,-1.73,-0.74
371,7,-0.56,-0.71
372,1,0,-0.20
372,2,-0.50,-0.30
372,3,-0.44,-0.21
372,4,1.43,-0.18
372,5,-0.73,-0.27
372,6,-0.68,-0.42
372,7,-1.43,-0.55
373,1,-1.00,-0.35
373,2,-0.58,-0.22
373,3,-0.32,0.13
373,4,0.45,1.60
373,5,0.15,0.01
373,6,-0.50,-0.14
373,7,-0.22,0.05
374,1,0,-0.35
374,2,-0.70,-0.22
374,3,-0.07,0.35
374,4,-0.20,0.43
374,5,-0.65,-0.34
374,6,-0.92,-0.41
374,7,-1.02,-0.49
375,1,0.48,-0.05
375,2,-0.49,-0.37
375,3,2.22,0.70
375,4,3.30,0.79
375,5,0.48,0.37
375,6,-0.33,0.08
375,7,-0.56,-0.28
376,1,-0.38,-0.20
376,2,-0.28,-0.30
376,3,-0.43,-0.22
376,4,-1.24,-0.22
376,5,-0.72,-0.27
376,6,-1.02,-0.65
376,7,-1.29,-0.92
377,1,-0.91,-0.36
377,2,-1.26,-0.47
377,3,0.62,1.11
377,4,-0.33,-0.40
377,5,-0.82,-0.38
377,6,-0.70,-0.41
377,7,-0.66,-0.52
378,1,0,-0.20
378,2,-1.05,-0.24
378,3,-0.84,-0.29
378,4,-0.84,-0.41
378,5,-1.03,-0.40
378,6,-0.44,-0.17
378,7,0.57,-0.07
379,1,-0.45,-0.56
379,2,-0.64,-0.75
379,3,-0.12,0.23
379,4,-0.52,-0.38
379,5,-0.50,-0.28
379,6,-0.89,-0.94
379,7,-0.69,-0.99
380,1,0,-0.41
380,2,0.05,-0.22
380,3,0.83,-0.17
380,4,2.30,-0.17
380,5,-0.45,-0.69
380,6,0.07,-0.32
380,7,0.91,0.41
381,1,-0.33,-0.24
381,2,-0.47,-0.44
381,3,0.57,-0.46
381,4,0.73,-0.37
381,5,20.78,1.22
381,6,6.80,0.17
381,7,3.68,-0.04
382,1,0,-0.50
382,2,-0.45,0
382,3,-0.97,-0.50
382,4,-2.47,-0.67
382,5,-1.86,-0.62
382,6,-1.99,-0.79
382,7,-1.99,-0.92
383,1,0,-0.25
383,2,-0.58,-0.39
383,3,-0.71,-0.61
383,4,-0.42,-0.48
383,5,-0.56,-0.34
383,6,-1.53,-0.64
383,7,-2.15,-0.39
384,1,15.00,1.11
384,2,5.98,-0.20
384,3,0.04,-0.40
384,4,-0.19,-0.10
384,5,-2.45,-0.53
384,6,-0.76,-0.61
384,7,-1.70,-0.52
385,1,-0.54,-0.56
385,2,-0.55,-0.62
385,3,-0.55,-0.32
385,4,-0.85,-0.44
385,5,-1.25,-0.64
385,6,-1.27,-1.06
385,7,-1.43,-1.18
386,1,-0.58,-0.28
386,2,-0.58,-0.28
386,3,-0.60,-0.59
386,4,-1.34,-1.80
386,5,-0.47,0.35
386,6,-0.58,-0.54
386,7,-0.56,-0.49
387,1,17.00,0.92
387,2,7.90,2.19
387,3,7.00,3.93
387,4,4.40,3.48
387,5,4.51,4.77
387,6,5.42,3.89
387,7,6.14,2.82
388,1,-0.58,-0.20
388,2,-0.25,0.17
388,3,-0.72,-0.13
388,4,-0.85,-0.22
388,5,-0.66,-0.26
388,6,-0.66,-0.18
388,7,-0.74,-0.72
389,1,0,-0.17
389,2,19.50,4.83
389,3,-0.08,-0.17
389,4,2.00,0.10
389,5,2.17,0.10
389,6,4.87,0.59
389,7,1.60,-0.31
390,1,-0.82,-0.46
390,2,-0.64,-0.26
390,3,0.06,-0.23
390,4,0.00,-0.26
390,5,0.59,-0.05
390,6,-0.15,-0.10
390,7,-0.19,-0.12
391,1,-0.46,-0.35
391,2,-0.45,-0.22
391,3,0.10,0.30
391,4,0.30,-0.05
391,5,-0.16,-0.34
391,6,-0.38,-0.44
391,7,-0.32,-0.43
392,1,0,-0.36
392,2,0.46,0.58
392,3,-0.37,-0.44
392,4,-0.28,-0.75
392,5,-1.39,-0.64
392,6,-1.41,-0.75
392,7,-2.87,-0.92
393,1,0,-0.56
393,2,-0.63,-0.62
393,3,-1.25,-0.47
393,4,-1.06,-0.44
393,5,-1.02,-0.64
393,6,-0.76,-0.64
393,7,-0.81,-0.49
394,1,-0.46,-0.28
394,2,0,-0.28
394,3,-0.78,-0.59
394,4,0.26,0.24
394,5,-0.39,-0.32
394,6,-0.63,-0.37
394,7,-0.95,-0.53
395,1,0,0.02
395,2,1.20,0.98
395,3,0.28,2.19
395,4,1.36,1.73
395,5,0.94,0.04
395,6,1.19,-0.03
395,7,0.53,-0.19
396,1,0,-0.25
396,2,0,-0.15
396,3,0.34,-0.45
396,4,-0.30,-0.59
396,5,-0.89,-0.43
396,6,-0.33,-0.48
396,7,-0.87,-0.64
397,1,0,-0.09
397,2,0,0
397,3,-0.30,-0.50
397,4,-0.90,-0.63
397,5,-1.19,-0.61
397,6,-1.14,-0.76
397,7,-0.99,-0.88
398,1,-0.76,-0.50
398,2,-0.86,-0.51
398,3,-0.20,-0.15
398,4,0.12,-0.17
398,5,0.59,-0.18
398,6,-0.56,-0.40
398,7,-0.43,-0.22
399,1,0,-0.20
399,2,-0.11,-0.19
399,3,-0.68,-0.22
399,4,-0.62,-0.20
399,5,-0.70,-0.20
399,6,-0.65,-0.20
399,7,-0.48,-0.19
400,1,0,-0.28
400,2,0,-0.28
400,3,0.71,-0.21
400,4,-0.32,-0.07
400,5,-0.50,-0.39
400,6,-1.23,-0.50
400,7,-1.06,-0.67
401,1,-0.40,0
401,2,-0.41,-0.20
401,3,-0.50,-0.27
401,4,-0.83,-0.45
401,5,-0.70,-0.35
401,6,-0.69,-0.76
401,7,-0.70,-0.63
402,1,0,-0.17
402,2,-0.20,0.00
402,3,0.15,0.44
402,4,-0.12,0.06
402,5,-0.24,-0.08
402,6,0.34,0.71
402,7,-0.06,0.26
403,1,0,-0.17
403,2,13.37,2.94
403,3,12.32,11.96
403,4,23.07,19.03
403,5,29.97,31.33
403,6,9.27,9.97
403,7,23.20,21.64
404,1,-0.63,-0.50
404,2,-0.59,-0.38
404,3,-0.51,-0.08
404,4,-0.50,-0.07
404,5,-0.43,0.27
404,6,-0.27,0.68
404,7,-0.47,0.19
405,1,0,-0.25
405,2,-0.41,-0.39
405,3,-0.55,-0.55
405,4,-0.13,0.09
405,5,-0.44,-0.31
405,6,-0.40,-0.23
405,7,-0.59,-0.55
406,1,-0.33,-0.28
406,2,-0.33,-0.28
406,3,-0.72,-0.59
406,4,0.92,1.00
406,5,0.87,0.98
406,6,-0.53,-0.42
406,7,-0.61,-0.49
407,1,1.23,0
407,2,-0.43,-0.22
407,3,0.30,1.98
407,4,1.49,2.13
407,5,0.49,0.54
407,6,-0.39,0.18
407,7,-0.06,1.12
408,1,-0.40,-0.24
408,2,-0.35,-0.32
408,3,-0.21,-0.38
408,4,-0.18,-0.08
408,5,-0.24,-0.25
408,6,-0.42,-0.39
408,7,-0.62,-0.55
409,1,0.46,1.07
409,2,1.92,3.30
409,3,2.90,2.60
409,4,1.79,0.39
409,5,0.76,-0.56
409,6,0.22,-0.58
409,7,0.54,-0.30
410,1,-0.50,-0.24
410,2,-0.57,-0.44
410,3,-0.88,-0.68
410,4,-0.91,-0.65
410,5,-0.66,-0.68
410,6,-0.51,-0.46
410,7,-0.45,-0.43
411,1,0,-0.05
411,2,67.20,2.73
411,3,9.77,1.86
411,4,10.31,2.27
411,5,13.15,2.53
411,6,29.05,3.43
411,7,16.64,2.68
412,1,-1.25,0.20
412,2,-0.68,-0.45
412,3,-0.91,-0.22
412,4,-0.45,-0.21
412,5,1.07,-0.07
412,6,-0.81,0.07
412,7,-0.99,-0.15
413,1,-0.72,-0.45
413,2,-0.40,-0.48
413,3,-1.38,-0.87
413,4,-0.59,-0.49
413,5,-0.77,-0.60
413,6,-0.56,-0.42
413,7,-0.73,-0.52
414,1,0,-1.00
414,2,-5.29,-1.00
414,3,-15.00,-1.06
414,4,-3.47,-0.94
414,5,-1.76,-0.88
414,6,-15.57,-0.85
414,7,-5.45,-0.90
415,1,0,-0.41
415,2,-0.63,-0.41
415,3,-0.87,-0.63
415,4,-0.66,-0.58
415,5,-0.78,-0.61
415,6,-0.82,-0.75
415,7,-1.42,-0.68
416,1,-0.27,0
416,2,-0.67,0
416,3,-0.47,0
416,4,3.42,0
416,5,-0.46,0
416,6,-0.66,0
416,7,-0.93,0
417,1,-0.58,-0.17
417,2,-1.74,-0.52
417,3,0.35,-0.00
417,4,1.25,-0.23
417,5,-0.34,-0.23
417,6,-0.39,-0.31
417,7,0.06,-0.04
418,1,0,0.01
418,2,1.32,-0.13
418,3,-0.43,-0.21
418,4,1.87,-0.18
418,5,1.98,-0.00
418,6,1.92,0.63
418,7,2.23,0.88
419,1,-0.51,-0.56
419,2,-0.42,-0.36
419,3,-0.15,-0.27
419,4,5.47,-0.28
419,5,1.59,-0.23
419,6,0.50,0.31
419,7,1.11,1.17
420,1,-0.74,-0.36
420,2,-0.98,-0.11
420,3,0.73,-0.23
420,4,-0.72,-0.24
420,5,-1.04,-0.48
420,6,-1.40,-0.65
420,7,-3.32,-0.57
421,1,4.77,9.18
421,2,1.40,3.30
421,3,0.21,1.09
421,4,-0.44,-0.32
421,5,-0.45,-0.26
421,6,-0.13,-0.10
421,7,-0.27,-0.17
422,1,0,-0.24
422,2,-0.67,-0.39
422,3,-0.74,-0.66
422,4,-1.22,-0.66
422,5,0.09,-0.46
422,6,-0.76,-0.60
422,7,-0.77,-0.55
423,1,0,-0.44
423,2,-1.03,-0.78
423,3,2.78,-0.31
423,4,0.83,-0.44
423,5,2.01,-0.29
423,6,-0.03,-0.45
423,7,0.42,-0.35
424,1,0,-0.36
424,2,-0.50,-0.56
424,3,0.39,0.54
424,4,-0.13,0.64
424,5,-0.55,-0.25
424,6,1.47,0.59
424,7,-0.13,0.02
425,1,-0.50,-0.20
425,2,-0.50,-0.24
425,3,-0.65,-0.33
425,4,-0.50,-0.36
425,5,-0.45,-0.41
425,6,-0.41,-0.26
425,7,-0.50,-0.35
426,1,-0.50,-0.24
426,2,-0.53,-0.41
426,3,-0.68,-0.40
426,4,-1.17,-0.68
426,5,-0.51,-0.53
426,6,-0.64,-0.55
426,7,-0.65,-0.54
427,1,-0.58,-0.25
427,2,-0.80,-0.15
427,3,-0.53,0.31
427,4,-0.69,0.03
427,5,-1.30,-0.35
427,6,-0.95,-0.53
427,7,-0.82,-0.28
428,1,-0.36,-0.25
428,2,-0.92,-0.39
428,3,-0.73,-0.44
428,4,-0.25,-0.29
428,5,0.45,-0.10
428,6,-0.96,-0.51
428,7,-0.61,-0.30
429,1,-0.45,-0.36
429,2,-0.58,-0.56
429,3,0.81,1.47
429,4,-0.26,0.31
429,5,-0.39,-0.24
429,6,-1.27,-0.52
429,7,-1.81,-0.81
430,1,-0.78,-0.20
430,2,-0.81,-0.23
430,3,-0.58,-0.16
430,4,-0.79,-0.21
430,5,-0.76,-0.22
430,6,-0.63,0.28
430,7,-0.58,0.92
431,1,0,-0.20
431,2,0.88,-0.02
431,3,1.04,0.32
431,4,-0.65,-0.16
431,5,-0.20,-0.01
431,6,-0.47,-0.28
431,7,-0.54,-0.33
432,1,-0.42,-0.20
432,2,-0.30,0.15
432,3,-0.56,-0.07
432,4,-0.53,0.16
432,5,-0.46,0.18
432,6,-0.45,0.22
432,7,-0.43,0.27
433,1,-0.75,-0.46
433,2,-0.47,-0.25
433,3,-0.45,-0.20
433,4,-0.48,-0.24
433,5,-0.49,-0.25
433,6,-0.66,-0.41
433,7,-0.74,-0.46
435,1,0,16.50
435,2,85.00,9.13
435,3,-0.52,0.25
435,4,0.86,3.08
435,5,-0.05,1.20
435,6,2.52,5.46
435,7,4.76,8.63
436,1,0,0
436,2,-0.58,-0.64
436,3,-0.73,-0.46
436,4,-0.83,-0.61
436,5,-1.68,-0.48
436,6,-0.68,-0.41
436,7,-0.68,-0.50
437,1,-0.50,-0.20
437,2,-0.52,-0.32
437,3,-0.66,-0.70
437,4,-0.87,-0.65
437,5,-0.74,-0.81
437,6,-0.58,-0.49
437,7,-0.56,-0.46
438,1,0,-0.33
438,2,0,-0.68
438,3,-1.06,-0.76
438,4,-0.75,-0.87
438,5,-0.47,-0.90
438,6,-1.03,-1.45
438,7,-0.55,-1.02
439,1,0,0
439,2,0,0
439,3,-0.71,-0.51
439,4,-0.66,-0.72
439,5,-1.74,-0.85
439,6,-0.84,-0.56
439,7,-1.05,-0.57
440,1,0,-0.36
440,2,0,-0.56
440,3,-0.17,-0.72
440,4,-1.04,-0.67
440,5,-1.01,-0.47
440,6,-1.42,-0.50
440,7,-0.94,0.10
441,1,-0.50,-0.44
441,2,-0.56,-0.78
441,3,-0.57,-1.15
441,4,-0.84,-1.27
441,5,-0.55,-0.80
441,6,-0.75,-0.69
441,7,-0.19,-0.55
443,1,-0.71,-0.27
443,2,-1.09,-0.60
443,3,-1.99,-1.09
443,4,-1.36,-0.66
443,5,-1.10,-0.38
443,6,-1.07,-0.49
443,7,-1.25,-0.52
444,1,-0.58,-0.20
444,2,-1.42,-0.23
444,3,-0.33,0.89
444,4,-0.15,0.69
444,5,-1.00,0.12
444,6,-0.96,-0.31
444,7,-0.50,-0.26
445,1,0,0
445,2,-0.40,0
445,3,-0.20,1.78
445,4,-0.45,0.16
445,5,-0.06,1.34
445,6,0.74,1.51
445,7,4.53,5.31
446,1,0,-0.17
446,2,-0.50,-0.52
446,3,2.60,0.05
446,4,-0.59,-0.35
446,5,0.09,-0.30
446,6,-0.98,-0.57
446,7,-0.59,-0.31
447,1,-0.67,-0.42
447,2,-0.76,-0.60
447,3,-0.85,-0.85
447,4,-0.59,-0.54
447,5,-0.66,-0.29
447,6,-0.58,-0.39
447,7,-0.59,-0.40
448,1,-1.00,-0.40
448,2,-1.00,0
448,3,-0.85,-0.40
448,4,-1.68,-0.48
448,5,-1.13,-0.58
448,6,-0.77,0.53
448,7,-0.50,0.72
449,1,-0.35,-0.25
449,2,-0.28,-0.25
449,3,3.68,-0.23
449,4,2.65,-0.31
449,5,2.54,-0.27
449,6,2.98,0.36
449,7,1.49,0.20
450,1,6.38,7.26
450,2,0,0
450,3,4.53,8.21
450,4,4.24,6.64
450,5,2.46,5.24
450,6,1.52,4.25
450,7,0.90,3.22
451,1,-0.64,-0.48
451,2,-0.17,-0.26
451,3,-0.53,-0.43
451,4,-0.12,0.44
451,5,-0.90,0.15
451,6,-0.89,-0.47
451,7,-0.78,-0.44
452,1,0,-0.20
452,2,-0.41,-0.28
452,3,-0.88,-0.21
452,4,-1.07,-0.21
452,5,-1.54,-0.31
452,6,-1.24,-0.75
452,7,-0.75,-0.96
453,1,0,-0.35
453,2,0,-0.22
453,3,-0.62,-1.07
453,4,-0.86,-1.08
453,5,-0.66,-0.37
453,6,-0.59,-0.41
453,7,-0.60,-0.47
455,1,-0.58,-0.42
455,2,-1.04,-0.60
455,3,-1.40,-1.06
455,4,-1.06,-0.59
455,5,-0.83,-0.30
455,6,-0.47,-0.18
455,7,-0.08,-0.14
456,1,-0.41,-0.25
456,2,-0.48,-0.39
456,3,-0.54,-0.61
456,4,-0.52,-0.70
456,5,-0.48,-0.14
456,6,-0.46,0.21
456,7,-0.41,-0.01
457,1,2.24,0.67
457,2,0,99.70
457,3,-0.21,-0.05
457,4,2.19,2.26
457,5,-0.45,-0.28
457,6,-0.85,-0.37
457,7,-0.65,-0.26
458,1,-0.64,-0.35
458,2,-0.41,-0.22
458,3,0.26,0.26
458,4,-0.32,-0.59
458,5,-0.39,-0.41
458,6,-0.54,-0.39
458,7,-0.41,-0.44
459,1,0,-0.41
459,2,15.33,0.67
459,3,3.29,0.34
459,4,2.03,-0.22
459,5,8.92,0.23
459,6,14.86,1.56
459,7,5.41,1.45
460,1,-0.86,-0.56
460,2,0.88,-0.26
460,3,1.81,-0.58
460,4,-0.05,-0.60
460,5,-0.84,-0.61
460,6,-0.05,-0.40
460,7,0.06,-0.29
461,1,-0.49,-0.36
461,2,-0.05,0.09
461,3,-0.39,-0.35
461,4,0.27,-0.02
461,5,0.56,-0.34
461,6,0.51,0.14
461,7,0.93,0.60
462,1,0,0
462,2,0,-0.20
462,3,-0.50,-0.27
462,4,-0.50,-0.45
462,5,-0.53,-0.36
462,6,-0.64,-0.77
462,7,-0.59,-0.61
463,1,0.71,0.44
463,2,1.26,1.27
463,3,1.85,1.19
463,4,1.50,0.69
463,5,-0.01,-0.81
463,6,-0.25,-2.00
463,7,-0.40,-1.92
464,1,-0.39,-0.50
464,2,-0.70,-0.58
464,3,-0.52,-0.23
464,4,-0.68,-0.24
464,5,-0.52,-0.43
464,6,-0.53,-0.62
464,7,-0.52,-0.53
465,1,-0.61,-0.44
465,2,-0.40,-0.61
465,3,1.60,1.83
465,4,2.03,2.24
465,5,1.55,0.22
465,6,0.54,-0.36
465,7,0.75,-0.38
466,1,-0.50,-0.33
466,2,-0.50,-0.68
466,3,-0.60,-0.69
466,4,-0.65,-0.91
466,5,-0.93,-1.04
466,6,0.46,-0.40
466,7,-0.78,-1.18
467,1,-1.18,-0.44
467,2,-1.55,0.78
467,3,1.86,1.43
467,4,0.04,0.49
467,5,-0.50,-0.04
467,6,-1.62,-0.02
467,7,3.86,-0.08
468,1,-0.28,-0.61
468,2,10.77,3.53
468,3,7.49,3.87
468,4,1.42,1.48
468,5,2.68,1.53
468,6,2.07,1.08
468,7,1.01,-0.45
469,1,-0.50,-0.56
469,2,-0.66,-0.62
469,3,-0.42,-0.36
469,4,-0.85,-0.42
469,5,-0.90,-0.57
469,6,-0.68,-0.16
469,7,-0.78,-0.04
470,1,0,0
470,2,0,-0.20
470,3,-0.58,-0.27
470,4,-0.58,-0.45
470,5,-0.60,-0.36
470,6,-1.00,-0.78
470,7,-0.70,-0.56
471,1,-0.50,-0.24
471,2,-0.76,-0.44
471,3,-2.23,-0.68
471,4,-1.40,-0.45
471,5,-1.29,-0.30
471,6,-0.43,0.13
471,7,-0.19,0.14
472,1,0,-0.25
472,2,-0.30,-0.25
472,3,-0.05,-0.20
472,4,-0.53,-0.24
472,5,-0.98,-0.32
472,6,0.60,-0.22
472,7,0.46,-0.31
473,1,-0.68,-0.33
473,2,-1.12,-0.68
473,3,-0.89,-0.76
473,4,-0.73,-0.96
473,5,-1.24,-1.24
473,6,-1.48,-1.62
473,7,-1.08,-1.45
474,1,0,-0.05
474,2,8.17,-0.39
474,3,0.78,-0.39
474,4,0.82,-0.60
474,5,-0.38,-0.51
474,6,0.80,-0.06
474,7,1.36,-0.21
475,1,-0.42,0.28
475,2,-1.01,-0.56
475,3,-1.37,-1.12
475,4,-0.84,-1.14
475,5,-0.57,-0.35
475,6,-0.65,-0.64
475,7,-0.51,-0.58
476,1,-0.38,-0.24
476,2,-0.52,-0.44
476,3,-0.58,-0.81
476,4,-0.87,-0.83
476,5,-0.37,-0.60
476,6,0.55,-0.39
476,7,1.05,-0.30
477,1,-0.40,-0.20
477,2,-0.47,-0.32
477,3,-0.82,-0.47
477,4,-0.63,-0.35
477,5,-0.60,-0.40
477,6,-0.42,-0.44
477,7,-0.47,-0.49
478,1,0,-0.33
478,2,0.99,-0.24
478,3,0.86,-0.28
478,4,-0.07,-0.36
478,5,1.62,-0.38
478,6,1.79,-0.32
478,7,1.50,-0.31
479,1,0,-0.40
479,2,0,0
479,3,0,-0.40
479,4,-1.30,-0.71
479,5,-0.50,-0.29
479,6,-0.85,-0.62
479,7,-0.20,-0.48
480,1,7.00,0
480,2,1.67,0
480,3,1.47,0
480,4,-0.37,0
480,5,2.30,0
480,6,3.05,0
480,7,6.33,0
481,1,0,0
481,2,0,-0.20
481,3,0,-0.27
481,4,-0.26,-0.40
481,5,-0.24,-0.27
481,6,-5.50,-0.65
481,7,-0.60,-0.22
482,1,-0.70,-0.20
482,2,-0.71,-0.32
482,3,-0.90,-0.68
482,4,-1.27,-0.33
482,5,-0.68,-0.36
482,6,-0.82,-0.67
482,7,-0.73,-0.51
483,1,0,0
483,2,0,0
483,3,-0.53,-0.27
483,4,-0.80,-0.19
483,5,-0.65,-0.28
483,6,-0.48,0.22
483,7,0.04,-0.23
484,1,0,0
484,2,0,-0.20
484,3,-0.89,-0.27
484,4,-1.02,-0.23
484,5,-0.71,-0.29
484,6,-0.64,-0.69
484,7,-0.65,-0.33
485,1,0,0
485,2,0,0
485,3,-0.65,-0.51
485,4,-1.38,-0.76
485,5,-1.04,-0.83
485,6,-1.05,-0.57
485,7,-0.68,-0.55
486,1,0,0
486,2,-0.46,-0.20
486,3,-0.60,-0.27
486,4,-0.75,-0.23
486,5,-0.55,-0.25
486,6,-0.59,-0.54
486,7,0.29,-0.32
487,1,0,0
487,2,0,-0.20
487,3,-0.41,-0.27
487,4,-0.50,-0.40
487,5,-0.30,-0.22
487,6,-0.13,-0.05
487,7,-0.59,-0.47
488,1,0,0
488,2,0,-0.20
488,3,-0.70,-0.27
488,4,-0.71,-0.45
488,5,-0.61,-0.12
488,6,-0.65,-0.64
488,7,-0.64,-0.46
489,1,0,1.30
489,2,10.41,3.03
489,3,3.53,1.70
489,4,8.24,1.81
489,5,28.05,7.43
489,6,38.97,10.37
489,7,31.63,11.01
490,1,-0.22,0.03
490,2,0.17,0.13
490,3,1.49,0.97
490,4,3.34,3.58
490,5,3.44,4.57
490,6,6.06,5.87
490,7,3.28,3.24
491,1,-0.58,-0.40
491,2,0,0
491,3,-0.58,-0.40
491,4,2.14,2.93
491,5,-0.43,-0.21
491,6,-0.23,-0.11
491,7,-0.36,-0.28
492,1,0,-0.36
492,2,0.09,-0.47
492,3,-0.29,-0.23
492,4,-1.00,-0.63
492,5,-0.71,-0.49
492,6,-1.34,-0.47
492,7,-0.89,-0.24
493,1,0,-0.36
493,2,0,-0.56
493,3,9.50,1.67
493,4,1.82,1.25
493,5,1.29,-0.36
493,6,3.28,0.51
493,7,5.34,1.00
494,1,14.50,0.34
494,2,1.15,0.24
494,3,5.88,-0.16
494,4,12.94,0.00
494,5,3.22,0.54
494,6,-0.34,-0.17
494,7,0.07,-0.32
495,1,-0.45,-0.20
495,2,-0.51,-0.32
495,3,-0.68,-0.22
495,4,-0.78,-0.21
495,5,0.72,-0.23
495,6,-0.22,-0.33
495,7,-0.29,-0.28
496,1,-0.50,-0.20
496,2,-0.12,-0.19
496,3,-0.45,-0.19
496,4,-0.38,-0.19
496,5,-0.30,-0.19
496,6,-0.09,-0.24
496,7,-0.22,-0.46
497,1,0,-0.24
497,2,0,-0.34
497,3,-0.46,-0.45
497,4,-0.74,-0.35
497,5,-1.00,-0.31
497,6,-0.58,0.01
497,7,-0.22,0.13
498,1,-0.45,-0.35
498,2,-0.46,-0.22
498,3,0.27,-0.22
498,4,-0.57,-0.18
498,5,-0.56,-0.45
498,6,-0.59,-0.30
498,7,-0.61,-0.22
499,1,-1.27,0
499,2,-1.75,-1.00
499,3,-1.88,-0.94
499,4,-12.06,-1.06
499,5,-14.87,-1.13
499,6,-3.53,-1.16
499,7,-3.95,-1.10
500,1,-0.59,-0.56
500,2,-0.40,-0.75
500,3,-0.44,-0.27
500,4,-0.48,-0.31
500,5,-0.51,-0.33
500,6,-0.52,-0.43
500,7,-0.31,-0.50
501,1,-0.45,-0.46
501,2,-0.26,-0.23
501,3,-0.29,-0.20
501,4,-0.52,-0.26
501,5,-0.51,-0.42
501,6,-0.58,-0.47
501,7,-0.91,-0.49
502,1,0,-0.24
502,2,-0.58,-0.44
502,3,-1.12,-0.74
502,4,-0.70,-0.65
502,5,-0.69,-0.61
502,6,-0.84,-0.67
502,7,-0.97,-0.66
503,1,0,-0.24
503,2,-0.45,-0.35
503,3,-0.44,-0.44
503,4,0.54,0.02
503,5,1.14,-0.30
503,6,-0.28,-0.46
503,7,-0.59,-0.48
504,1,-0.50,-0.17
504,2,-0.80,-0.52
504,3,-1.11,-0.59
504,4,-1.60,-0.44
504,5,-1.82,-0.40
504,6,-1.53,-0.58
504,7,-0.81,-0.32
505,1,2.63,-0.21
505,2,0.71,-0.21
505,3,0.50,0.54
505,4,1.35,2.08
505,5,2.14,0.46
505,6,3.89,1.53
505,7,2.68,1.42
506,1,0,-0.50
506,2,0,0
506,3,1.00,-0.24
506,4,3.97,-0.13
506,5,4.15,-0.12
506,6,0.60,-0.28
506,7,0.02,-0.61
507,1,-0.71,-0.25
507,2,-0.69,-0.39
507,3,-0.55,-0.50
507,4,-0.55,-0.52
507,5,-0.72,-0.23
507,6,-0.76,-0.22
507,7,-0.74,-0.44
508,1,-0.46,-0.40
508,2,-0.70,0
508,3,-0.84,-0.40
508,4,-1.08,-0.22
508,5,-1.01,-0.45
508,6,-1.56,-0.61
508,7,-0.98,-0.61
509,1,0,-0.20
509,2,-0.87,-0.33
509,3,-0.59,-0.22
509,4,1.33,-0.19
509,5,0.41,-0.26
509,6,0.89,-0.19
509,7,1.22,-0.04
510,1,-0.60,-0.33
510,2,-0.56,-0.68
510,3,-0.81,-0.34
510,4,-1.15,-0.65
510,5,-1.02,-0.45
510,6,-0.79,-0.17
510,7,-0.72,-0.62
511,1,-0.50,-0.20
511,2,-0.54,-0.24
511,3,-0.57,-0.32
511,4,-0.97,-0.41
511,5,-0.64,-0.56
511,6,-0.52,-0.47
511,7,-0.44,-0.30
512,1,-0.44,-0.20
512,2,-0.46,-0.18
512,3,-0.64,-0.05
512,4,-1.41,-0.34
512,5,-0.03,-0.03
512,6,-0.85,-0.23
512,7,-0.89,-0.15
513,1,-0.59,-0.42
513,2,0.03,0.14
513,3,3.68,1.74
513,4,1.39,-0.23
513,5,-0.39,-0.28
513,6,-0.43,-0.29
513,7,-0.31,-0.20
514,1,-0.50,-0.45
514,2,11.37,0.03
514,3,-0.34,-0.94
514,4,-1.01,-0.74
514,5,-1.16,-0.76
514,6,-1.45,-0.75
514,7,-0.72,-0.66
516,1,-0.70,-0.24
516,2,-0.70,-0.26
516,3,-0.40,-0.09
516,4,-0.44,0.12
516,5,-0.15,-0.25
516,6,0.34,-0.25
516,7,0.26,-0.21
517,1,0,-0.24
517,2,-0.56,-0.43
517,3,-2.09,-0.66
517,4,-1.26,-0.45
517,5,-1.61,-0.42
517,6,-1.29,-0.40
517,7,-0.81,-0.38
518,1,0,-0.25
518,2,-0.45,-0.39
518,3,-0.35,-0.39
518,4,0.53,0.01
518,5,-0.01,-0.21
518,6,0.37,0.02
518,7,1.17,0.67
519,1,-0.58,-0.20
519,2,-0.48,-0.27
519,3,-0.24,-0.19
519,4,-0.63,-0.20
519,5,-0.71,-0.21
519,6,-1.58,-0.52
519,7,-1.55,-0.63
520,1,-0.43,-0.13
520,2,-0.44,-0.23
520,3,-0.43,-0.07
520,4,-0.37,0.06
520,5,-0.29,0.30
520,6,-0.00,0.89
520,7,0.11,1.08
521,1,8.14,3.70
521,2,3.85,0.82
521,3,3.41,2.98
521,4,0.55,1.38
521,5,0.24,0.65
521,6,0.55,-0.09
521,7,0.97,0.37
522,1,-0.53,-0.25
522,2,-0.46,-0.25
522,3,-0.45,-0.18
522,4,-0.45,-0.21
522,5,-0.46,-0.24
522,6,-0.32,-0.19
522,7,-0.47,-0.37
523,1,-0.41,-0.24
523,2,-0.06,-0.35
523,3,-0.30,-0.52
523,4,-0.54,-0.61
523,5,-0.35,-0.26
523,6,-0.49,-0.36
523,7,-0.59,-0.53
524,1,-0.63,-0.45
524,2,-0.45,-0.43
524,3,-0.42,-0.42
524,4,-0.69,-0.61
524,5,-0.68,-0.47
524,6,-0.71,-0.41
524,7,-1.05,-0.56
525,1,0,0
525,2,-0.45,0
525,3,-0.71,-0.51
525,4,-0.71,-0.77
525,5,-0.56,-0.74
525,6,-0.53,-0.55
525,7,-0.62,-0.54
526,1,0,0
526,2,0,0
526,3,-0.70,-0.51
526,4,3.58,0.16
526,5,0.44,0.05
526,6,1.20,-0.13
526,7,4.72,-0.02
527,1,0,-0.05
527,2,10.79,1.45
527,3,2.58,0.78
527,4,0.98,0.07
527,5,4.16,0.48
527,6,2.78,0.45
527,7,1.77,0.63
528,1,-0.65,-0.46
528,2,-0.67,-0.26
528,3,-3.60,-0.24
528,4,-4.51,-0.28
528,5,-1.10,-0.38
528,6,-0.94,-0.28
528,7,-0.91,-0.32
529,1,-0.81,-0.20
529,2,-0.33,-0.16
529,3,-0.22,-0.10
529,4,0.13,0.38
529,5,1.45,1.92
529,6,-0.38,-0.06
529,7,-0.62,-0.32
530,1,-0.50,-0.20
530,2,0.91,-0.31
530,3,0,-0.22
530,4,-0.31,-0.21
530,5,-0.80,-0.28
530,6,-0.99,-0.64
530,7,-0.92,-0.82
531,1,10.81,14.72
531,2,16.97,23.85
531,3,13.18,18.52
531,4,5.99,8.59
531,5,2.07,3.16
531,6,0.82,1.43
531,7,0.87,1.47
533,1,-0.46,-0.35
533,2,-0.45,-0.22
533,3,2.52,2.98
533,4,-0.16,-0.12
533,5,-0.56,-0.43
533,6,-0.75,-0.48
533,7,-0.58,-0.48
534,1,18.46,5.70
534,2,17.41,6.27
534,3,0.01,0.59
534,4,0.26,0.35
534,5,-0.39,-0.26
534,6,-0.43,-0.49
534,7,-0.82,-0.75
535,1,-0.45,-0.50
535,2,0,0
535,3,0.66,-0.30
535,4,-0.20,-0.50
535,5,-0.08,-0.47
535,6,0.97,-0.33
535,7,0.54,-0.45
536,1,-0.50,-0.24
536,2,-0.55,-0.07
536,3,-0.58,-0.41
536,4,-0.14,0.07
536,5,-0.36,-0.27
536,6,-0.39,-0.33
536,7,-0.18,-0.06
537,1,-0.36,-0.36
537,2,-0.73,-0.56
537,3,-0.05,-0.53
537,4,1.38,0.90
537,5,2.89,0.61
537,6,1.93,0.76
537,7,3.18,1.26
538,1,10.43,1.52
538,2,11.06,3.25
538,3,-0.64,-0.81
538,4,0.27,-0.41
538,5,6.11,0.03
538,6,6.12,0.45
538,7,3.96,0.46
539,1,0,-0.25
539,2,-0.44,-0.39
539,3,-0.66,-0.65
539,4,0.32,-0.73
539,5,0.32,-0.35
539,6,-0.06,-0.64
539,7,0.09,-0.54
540,1,2.29,1.61
540,2,0,0
540,3,-0.91,-0.36
540,4,-0.65,-0.38
540,5,-0.68,-0.44
540,6,-0.61,-0.30
540,7,-0.50,-0.19
541,1,0,-0.17
541,2,-0.40,-0.52
541,3,0.05,-0.07
541,4,2.80,0.60
541,5,2.43,0.21
541,6,3.24,0.50
541,7,3.37,0.05
542,1,-0.58,-0.50
542,2,0.86,-0.06
542,3,-0.60,-0.24
542,4,-0.57,-0.22
542,5,-1.18,-0.46
542,6,-0.69,-0.54
542,7,-0.56,-0.38
543,1,-0.76,-0.20
543,2,-0.78,-0.31
543,3,-0.70,-0.21
543,4,-0.99,-0.21
543,5,-0.87,-0.23
543,6,-0.87,-0.45
543,7,-0.97,-0.55
544,1,-0.82,-0.41
544,2,-0.28,0.35
544,3,-0.36,0.40
544,4,-0.67,0.03
544,5,-0.75,0.15
544,6,-0.98,-0.17
544,7,-0.90,-0.38
545,1,0,0.17
545,2,21.06,-0.11
545,3,6.41,-0.21
545,4,7.50,-0.25
545,5,4.65,-0.31
545,6,19.71,0.56
545,7,20.29,1.16
546,1,-0.50,-0.35
546,2,0.31,1.38
546,3,4.82,3.67
546,4,3.37,0.79
546,5,0.98,0.90
546,6,0.94,0.63
546,7,0.77,0.68
547,1,-0.10,0.28
547,2,2.70,2.25
547,3,-0.01,0.21
547,4,-0.62,-0.74
547,5,-0.09,0.62
547,6,-0.16,0.21
547,7,-0.28,-0.13
548,1,0,-0.17
548,2,5.68,1.06
548,3,-0.84,-0.37
548,4,-3.08,-0.47
548,5,-0.84,-0.25
548,6,-0.44,-0.32
548,7,-1.24,-0.31
549,1,-0.63,-0.20
549,2,-0.60,-0.14
549,3,-0.63,-0.21
549,4,-0.72,-0.19
549,5,-0.55,-0.11
549,6,-0.47,0.23
549,7,-0.39,1.27
550,1,1.06,2.15
550,2,0.05,-0.10
550,3,-0.55,-0.23
550,4,-1.14,-0.24
550,5,-0.95,-0.46
550,6,-0.94,-0.60
550,7,-0.73,-0.44
551,1,0,0
551,2,-0.70,-0.20
551,3,-0.76,-0.27
551,4,-1.14,0.20
551,5,-0.70,0.16
551,6,-0.77,0.27
551,7,-0.79,-0.49
552,1,-0.35,-0.33
552,2,-1.00,-0.26
552,3,1.31,-0.27
552,4,0.60,-0.35
552,5,1.01,-0.41
552,6,1.81,-0.38
552,7,2.64,-0.29
553,1,0,-0.33
553,2,-0.56,-0.25
553,3,-0.10,-0.29
553,4,-0.17,-0.37
553,5,-0.05,-0.45
553,6,0.37,-0.54
553,7,0.53,-0.58
554,1,-0.41,-0.20
554,2,-1.00,-0.33
554,3,-0.89,-0.21
554,4,-0.78,-0.22
554,5,-0.88,-0.30
554,6,-0.93,-0.74
554,7,-0.97,-0.97
555,1,0,-0.35
555,2,0,-0.22
555,3,-0.76,-1.07
555,4,-0.35,-0.99
555,5,0.97,-0.11
555,6,0.20,-0.34
555,7,0.44,-0.44
556,1,-0.71,-0.46
556,2,-0.63,-0.23
556,3,-0.70,-0.24
556,4,-0.63,-0.26
556,5,-0.62,-0.38
556,6,-0.72,-0.48
556,7,-0.79,-0.43
557,1,-0.41,-0.20
557,2,-0.93,-0.24
557,3,-0.75,-0.32
557,4,-0.57,-0.33
557,5,-0.54,-0.38
557,6,-0.53,-0.36
557,7,-0.29,-0.21
558,1,-0.38,-0.29
558,2,0.11,-0.13
558,3,0.05,-0.07
558,4,-0.12,-0.03
558,5,0.05,0.22
558,6,0.93,0.77
558,7,1.66,1.07
559,1,-0.56,-0.46
559,2,-0.57,-0.26
559,3,-0.80,-0.24
559,4,-0.79,-0.26
559,5,-0.75,-0.25
559,6,-0.68,-0.43
559,7,-0.64,-0.45
560,1,-0.70,-0.36
560,2,-0.31,-0.31
560,3,0.96,-0.17
560,4,3.06,0.57
560,5,0.36,0.05
560,6,-0.91,-0.74
560,7,-0.57,-0.48
561,1,-0.45,-0.25
561,2,-0.46,-0.39
561,3,-0.41,-0.07
561,4,-0.86,-0.35
561,5,-0.59,-0.23
561,6,-0.59,-0.03
561,7,-0.56,-0.14
562,1,-0.64,-0.20
562,2,-1.91,-0.24
562,3,0.87,0.12
562,4,6.62,0.76
562,5,-0.23,-0.19
562,6,-0.94,-0.09
562,7,-0.77,-0.23
563,1,0,-0.31
563,2,0,0
563,3,0,-0.40
563,4,0,0
563,5,0,0
563,6,0,0
563,7,0,0
564,1,-0.88,-0.50
564,2,-0.51,-0.48
564,3,-0.76,-0.24
564,4,-0.91,-0.24
564,5,-0.54,-0.43
564,6,-0.99,-0.70
564,7,-0.81,-0.58
565,1,0,-0.20
565,2,0.11,-0.12
565,3,-0.46,-0.20
565,4,-0.58,-0.22
565,5,-0.78,-0.31
565,6,-0.70,-0.58
565,7,-0.62,-0.73
566,1,0,-0.20
566,2,-0.71,-0.24
566,3,-0.98,-0.33
566,4,-0.84,-0.39
566,5,-0.99,-0.53
566,6,-1.10,-0.49
566,7,-1.28,-0.45
567,1,0,-0.20
567,2,9.06,0.45
567,3,-0.48,-0.20
567,4,-0.46,-0.21
567,5,0.05,-0.17
567,6,-0.01,0.34
567,7,-0.29,0.27
569,1,0,-0.28
569,2,0,-0.28
569,3,-0.04,-0.02
569,4,-1.15,-1.09
569,5,-1.22,-1.24
569,6,-0.21,-0.44
569,7,-0.81,-0.55
570,1,0.05,1.15
570,2,0,0
570,3,-0.05,1.02
570,4,0.45,1.85
570,5,1.22,3.03
570,6,1.85,3.95
570,7,2.73,5.07
571,1,0,-0.31
571,2,0,-0.41
571,3,0,-0.40
571,4,0,0
571,5,0,0
571,6,0,0
571,7,0,0
572,1,0,-0.44
572,2,0,-0.41
572,3,0,-0.40
572,4,0,0
572,5,0,0
572,6,0,0
572,7,0,0
573,1,0,0
573,2,-0.71,-0.30
573,3,-0.65,-0.24
573,4,-0.53,-0.57
573,5,-0.65,-0.38
573,6,-0.60,-0.46
573,7,-0.58,-0.41
574,1,0.28,0
574,2,-0.48,0
574,3,-1.31,0
574,4,-0.83,0
574,5,-0.29,0
574,6,-0.47,0
574,7,-0.83,0
575,1,0,0
575,2,0,0
575,3,-0.70,-0.70
575,4,-3.90,-3.90
575,5,-1.11,-1.11
575,6,-0.91,-0.91
575,7,-1.13,-1.13
576,1,0,0
576,2,0,2.46
576,3,-0.61,-0.51
576,4,-1.50,-0.82
576,5,0.49,-0.47
576,6,1.37,-0.17
576,7,0.59,-0.41
577,1,0,-0.18
577,2,0,-0.41
577,3,0,0
577,4,0,0
577,5,0,0
577,6,0,0
577,7,0,0
578,1,0,-0.25
578,2,-0.50,-0.39
578,3,-0.02,-0.46
578,4,-0.16,-0.51
578,5,-0.95,-0.47
578,6,-1.14,-0.86
578,7,-0.24,-0.53
579,1,-0.55,-0.56
579,2,0.63,3.76
579,3,-0.68,-0.43
579,4,-0.67,-0.40
579,5,-1.03,-0.47
579,6,-1.46,-1.15
579,7,-1.20,-1.36
580,1,-0.64,-0.33
580,2,-1.35,-0.25
580,3,-0.66,-0.29
580,4,-0.84,-0.36
580,5,-1.18,-0.44
580,6,-0.68,-0.37
580,7,-0.52,-0.43
581,1,0,0
581,2,0,-0.20
581,3,-0.83,-0.27
581,4,-1.10,-0.32
581,5,-0.99,-0.36
581,6,-1.22,-0.66
581,7,-0.58,-0.37
582,1,0,-0.20
582,2,0,-0.32
582,3,-0.79,-0.70
582,4,-0.52,-0.61
582,5,-0.37,-0.43
582,6,-1.04,-0.72
582,7,-1.32,-0.60
583,1,0.19,-0.40
583,2,-0.61,-0.47
583,3,3.90,2.80
583,4,0.83,1.81
583,5,-0.43,0.07
583,6,-0.60,-0.23
583,7,-0.92,-0.77
584,1,-0.70,-0.20
584,2,-0.53,-0.04
584,3,-0.52,-0.05
584,4,-0.50,-0.53
584,5,-0.58,0.19
584,6,-0.49,0.06
584,7,-0.43,-0.33
585,1,-0.14,-0.12
585,2,0.01,-0.08
585,3,-0.34,-0.15
585,4,-0.12,0.17
585,5,-0.19,0.19
585,6,-0.23,-0.03
585,7,0.01,0.13
586,1,-0.19,-0.22
586,2,-0.61,-0.41
586,3,0.08,0.59
586,4,1.02,1.31
586,5,0.46,1.13
586,6,-0.01,0.23
586,7,-0.16,-0.12
587,1,-0.59,-0.13
587,2,-0.28,1.45
587,3,-1.12,-0.40
587,4,-0.85,-0.27
587,5,-0.90,-0.28
587,6,-1.29,-0.66
587,7,-1.56,-1.19
588,1,-0.45,0.29
588,2,-0.20,0.29
588,3,-0.70,-0.48
588,4,-0.70,-0.43
588,5,-0.67,-0.49
588,6,-0.27,0.20
588,7,0.18,0.71
589,1,-0.50,-0.46
589,2,-0.41,-0.22
589,3,-0.42,-0.20
589,4,-0.41,-0.24
589,5,-0.50,-0.36
589,6,-0.07,-0.11
589,7,-0.10,-0.11
590,1,6.94,1.16
590,2,-0.62,-0.23
590,3,-0.16,-0.16
590,4,-0.62,-0.40
590,5,0.17,-0.15
590,6,2.63,1.08
590,7,1.88,1.62
591,1,0,-0.20
591,2,-0.50,-0.24
591,3,-0.45,-0.30
591,4,-0.15,-0.34
591,5,-1.56,-0.47
591,6,-2.99,-0.44
591,7,-2.64,-0.49
592,1,-0.36,0
592,2,-0.38,-0.20
592,3,-0.41,2.30
592,4,0.93,2.20
592,5,7.37,24.68
592,6,0.53,6.83
592,7,1.97,10.02
593,1,-0.41,-0.33
593,2,-0.79,-0.26
593,3,-0.86,-0.29
593,4,-1.25,-0.37
593,5,-0.90,-0.45
593,6,-0.78,-0.55
593,7,-0.17,-0.53
594,1,0,-0.50
594,2,-0.44,0
594,3,0.06,-0.41
594,4,-0.49,-0.56
594,5,1.80,-0.45
594,6,1.78,-0.28
594,7,2.09,-0.22
595,1,-0.78,-0.50
595,2,-0.45,0
595,3,-0.66,-0.42
595,4,-0.28,-0.26
595,5,-0.48,-0.41
595,6,-0.10,-0.22
595,7,1.11,0.22
596,1,-1.00,-0.46
596,2,0.66,-0.22
596,3,-0.24,-0.20
596,4,0.43,-0.23
596,5,-1.34,-0.31
596,6,-0.75,-0.35
596,7,0.73,-0.32
597,1,-0.43,-0.48
597,2,-0.85,-0.57
597,3,-0.55,-0.87
597,4,-0.21,-0.08
597,5,-0.39,-0.14
597,6,-0.79,-0.70
597,7,-0.46,-0.63
598,1,-0.58,-0.45
598,2,11.76,0.65
598,3,-0.71,-0.85
598,4,0.93,0.21
598,5,-0.48,-0.55
598,6,0.17,-0.50
598,7,0.01,-0.69
599,1,-0.47,-0.45
599,2,2.68,2.94
599,3,1.57,-0.09
599,4,0.09,0.13
599,5,2.14,1.55
599,6,4.24,1.90
599,7,4.09,2.48
600,1,11.38,3.26
600,2,2.22,1.78
600,3,2.27,2.64
600,4,3.75,3.13
600,5,16.12,14.17
600,6,12.93,12.18
600,7,17.94,9.58
601,1,0.13,0.30
601,2,-0.83,-0.60
601,3,-0.78,-0.46
601,4,-0.86,-0.46
601,5,-0.82,-0.60
601,6,-0.83,-0.68
601,7,-0.66,-0.46
602,1,-0.58,-0.20
602,2,-0.57,-0.31
602,3,-0.70,-0.22
602,4,-1.11,-0.22
602,5,-0.16,-0.22
602,6,0.03,-0.06
602,7,-0.20,-0.12
603,1,-0.50,-0.50
603,2,-0.93,-0.50
603,3,-0.52,-0.17
603,4,-2.39,-0.24
603,5,-1.99,-0.49
603,6,-1.56,-0.68
603,7,-1.37,-0.68
604,1,0,0
604,2,0,0
604,3,-0.86,-0.51
604,4,0.69,2.05
604,5,1.21,1.80
604,6,-0.66,-0.51
604,7,-0.70,-0.55
605,1,0,0
605,2,0,0
605,3,-0.61,-0.51
605,4,-1.10,-0.76
605,5,-0.63,-0.64
605,6,-0.58,-0.55
605,7,-0.53,-0.55
606,1,-0.70,-0.28
606,2,-0.46,-0.28
606,3,-0.58,-0.59
606,4,-0.36,-0.94
606,5,-0.60,-1.26
606,6,-0.52,-0.57
606,7,-0.68,-0.67
607,1,0.19,0.14
607,2,-0.76,-0.44
607,3,0.73,-0.40
607,4,-0.36,-0.49
607,5,-0.61,-0.37
607,6,-0.37,-0.12
607,7,-0.59,-0.18
608,1,0,-0.35
608,2,-0.58,-0.60
608,3,-0.30,-0.66
608,4,-0.90,-0.86
608,5,0.11,-0.72
608,6,-0.33,-0.76
608,7,-0.58,-0.88
609,1,-0.35,-0.25
609,2,-0.47,-0.26
609,3,-1.81,-0.24
609,4,-1.41,-0.28
609,5,-1.29,-0.50
609,6,-1.23,-0.51
609,7,-1.48,-0.62
610,1,2.56,2.41
610,2,-0.76,-0.47
610,3,-0.97,-0.94
610,4,-0.82,-1.02
610,5,-0.64,-1.24
610,6,-0.42,-1.17
610,7,0.11,-0.38
611,1,5.31,-0.03
611,2,-0.14,-0.39
611,3,-0.06,-0.42
611,4,-0.90,-0.64
611,5,-0.45,-0.40
611,6,-0.19,0.18
611,7,-0.06,0.35
612,1,-0.59,-0.24
612,2,0.63,-0.37
612,3,0.76,0.05
612,4,0.65,-0.09
612,5,4.05,0.97
612,6,9.51,1.93
612,7,15.56,2.35
613,1,-1.00,-1.00
613,2,-2.73,0
613,3,-6.03,67.00
613,4,1.70,69.50
613,5,-0.06,31.55
613,6,1.29,25.41
613,7,0.76,40.22
614,1,-0.58,-0.50
614,2,-1.64,-0.57
614,3,-1.33,-0.23
614,4,-1.68,-0.23
614,5,-1.67,-0.30
614,6,0.88,-0.20
614,7,1.32,-0.17
615,1,-0.64,-0.44
615,2,-1.58,-0.71
615,3,-0.97,-0.47
615,4,-0.10,0.55
615,5,-0.18,0.50
615,6,-0.14,0.42
615,7,-0.28,-0.08
616,1,-0.68,-0.44
616,2,-0.57,-0.82
616,3,-0.62,-0.83
616,4,-0.54,-0.79
616,5,-0.95,-0.81
616,6,-0.69,-0.62
616,7,-0.24,-0.55
617,1,2.61,1.29
617,2,4.45,1.07
617,3,1.82,0.96
617,4,0.98,1.37
617,5,2.00,3.97
617,6,4.96,7.89
617,7,6.29,7.78
618,1,-0.55,-0.50
618,2,0,0
618,3,-0.34,-0.34
618,4,-0.82,-0.55
618,5,-0.27,-0.45
618,6,-0.68,-0.45
618,7,-1.72,-0.54
619,1,5.00,0.72
619,2,-0.58,0
619,3,-0.71,-0.33
619,4,-0.87,-0.40
619,5,-0.75,-0.30
619,6,-0.06,0.05
619,7,0.63,0.22
620,1,-0.58,-0.25
620,2,-0.54,-0.27
620,3,-0.53,0.26
620,4,-1.53,0.07
620,5,-0.90,-0.25
620,6,-1.00,0.18
620,7,-0.83,0.20
621,1,0,-0.36
621,2,-0.55,-0.56
621,3,-0.64,-0.47
621,4,0.89,0.98
621,5,-0.05,-0.19
621,6,0.81,0.25
621,7,0.92,0.60
622,1,-0.35,-0.50
622,2,-0.44,0
622,3,-1.06,-0.50
622,4,-0.30,-0.57
622,5,-0.79,-0.59
622,6,-0.78,-0.64
622,7,-0.55,-0.51
623,1,-0.52,-0.24
623,2,0.24,0.33
623,3,-0.66,-0.32
623,4,-0.66,-0.57
623,5,-0.43,-0.44
623,6,-0.46,-0.42
623,7,-0.46,-0.38
624,1,-0.50,-0.42
624,2,-0.56,-0.60
624,3,0.13,0.88
624,4,0.03,0.04
624,5,-0.34,-0.20
624,6,-0.31,-0.19
624,7,-0.23,-0.25
625,1,-0.81,-0.29
625,2,-0.61,-0.16
625,3,-0.57,-0.10
625,4,-0.51,-0.02
625,5,-0.40,0.37
625,6,-0.43,0.24
625,7,-0.46,0.15
626,1,-0.35,-0.35
626,2,-0.43,-0.22
626,3,-0.66,-0.49
626,4,-0.50,0.10
626,5,-0.57,-0.30
626,6,0.41,0.39
626,7,1.65,0.52
627,1,13.05,13.08
627,2,0,-0.02
627,3,-0.38,-0.49
627,4,2.30,2.07
627,5,14.32,16.60
627,6,9.83,14.13
627,7,11.40,13.14
628,1,-0.45,-0.20
628,2,-0.33,-0.07
628,3,-0.42,-0.20
628,4,-0.47,-0.29
628,5,-0.44,-0.22
628,6,-0.48,-0.25
628,7,-0.55,-0.35
629,1,-0.50,-0.20
629,2,-0.70,-0.30
629,3,-0.08,-0.21
629,4,-0.50,-0.21
629,5,-0.49,-0.23
629,6,-1.42,-0.31
629,7,-2.05,-0.44
630,1,-0.45,-0.20
630,2,-0.51,-0.24
630,3,-0.52,-0.31
630,4,-0.42,-0.16
630,5,-0.40,-0.25
630,6,-0.34,-0.09
630,7,-0.50,-0.25
631,1,28.17,1.66
631,2,8.22,-0.17
631,3,1.84,-0.21
631,4,1.59,-0.22
631,5,4.08,0.27
631,6,3.27,0.91
631,7,2.39,1.37
632,1,1.74,0.67
632,2,0,-0.22
632,3,0.06,0.52
632,4,5.02,1.70
632,5,2.04,0.45
632,6,1.23,0.45
632,7,1.76,0.63
633,1,0.41,0.05
633,2,-0.68,-0.78
633,3,-0.81,-0.93
633,4,-0.77,-0.94
633,5,0.19,-0.26
633,6,-0.47,-0.44
633,7,-0.58,-0.53
634,1,-0.64,-0.41
634,2,-0.58,-0.43
634,3,-1.12,-0.26
634,4,-0.52,-0.44
634,5,-0.62,-0.38
634,6,-1.45,-0.51
634,7,-1.07,-0.54
635,1,-0.48,-0.42
635,2,-0.59,-0.60
635,3,-0.84,-1.10
635,4,-0.40,-0.44
635,5,-0.47,-0.34
635,6,-0.46,-0.39
635,7,-0.52,-0.44
636,1,-1.00,-0.50
636,2,-0.21,-0.40
636,3,-0.34,-0.22
636,4,0.86,-0.17
636,5,-0.68,-0.20
636,6,-1.60,-0.55
636,7,-1.23,-0.59
637,1,0,-0.44
637,2,-0.76,-0.78
637,3,-0.30,-0.20
637,4,-0.46,-0.44
637,5,-0.44,-0.49
637,6,-0.89,-0.61
637,7,-1.27,-0.67
638,1,-0.58,-0.20
638,2,-0.77,-0.32
638,3,-0.73,-0.18
638,4,0.73,0.38
638,5,-0.65,-0.30
638,6,-0.62,-0.15
638,7,-0.40,0.33
639,1,-0.70,-0.24
639,2,-0.25,-0.08
639,3,1.21,0.52
639,4,0.98,0.03
639,5,-0.84,-0.23
639,6,-0.44,0.08
639,7,-0.58,0.18
640,1,0,0
640,2,57.10,24.23
640,3,5.05,3.68
640,4,0.21,0.03
640,5,14.21,5.27
640,6,17.71,4.43
640,7,16.41,7.14
641,1,-0.31,-0.06
641,2,-0.29,-0.02
641,3,-0.15,0.28
641,4,-0.14,0.30
641,5,0.03,0.67
641,6,0.52,1.49
641,7,0.81,1.89
642,1,-0.50,-0.20
642,2,-0.52,-0.15
642,3,-0.59,-0.24
642,4,0.40,0.02
642,5,0.71,-0.10
642,6,-0.11,-0.06
642,7,-0.20,0.01
643,1,-0.47,-0.29
643,2,-0.32,-0.25
643,3,-0.26,-0.26
643,4,-0.36,-0.33
643,5,-0.55,-0.42
643,6,-0.99,-0.51
643,7,-1.17,-0.58
644,1,0,-0.25
644,2,-0.69,-0.39
644,3,-2.57,-0.66
644,4,-0.91,-0.74
644,5,-0.57,-0.08
644,6,-0.38,0.71
644,7,-0.36,0.15
645,1,-0.64,-0.44
645,2,-0.93,-0.82
645,3,-0.97,-1.05
645,4,-1.15,-1.23
645,5,-1.57,-0.81
645,6,-0.55,-0.56
645,7,-0.56,-0.66
646,1,0,-0.20
646,2,-0.70,-0.24
646,3,-0.11,-0.25
646,4,-0.45,-0.32
646,5,-0.35,-0.20
646,6,-0.45,-0.17
646,7,-0.40,-0.16
647,1,-0.56,-0.56
647,2,-0.88,-0.75
647,3,-0.66,-0.43
647,4,-0.51,-0.32
647,5,-0.17,0.35
647,6,0.04,0.58
647,7,-0.17,-0.05
648,1,0,0
648,2,-0.63,-0.30
648,3,-0.52,-0.44
648,4,-0.47,-0.35
648,5,-0.44,0.23
648,6,-0.52,0.01
648,7,-0.44,0.26
649,1,-0.70,-0.56
649,2,-0.10,-0.49
649,3,-0.60,-0.38
649,4,0.94,0.01
649,5,0.39,-0.07
649,6,1.60,0.15
649,7,0.34,-0.27
650,1,-0.36,-0.36
650,2,0.30,0.66
650,3,-0.12,2.31
650,4,-0.28,0.09
650,5,-0.04,0.40
650,6,0.03,0.15
650,7,-0.21,-0.18
651,1,-0.58,-0.35
651,2,0,-0.60
651,3,-1.26,-0.86
651,4,-0.64,-0.77
651,5,-2.01,-0.87
651,6,-1.50,-0.80
651,7,-1.54,-0.82
652,1,-0.72,-0.45
652,2,-0.54,-0.48
652,3,-0.03,-0.36
652,4,-0.68,-0.60
652,5,-0.65,-0.60
652,6,-0.54,-0.63
652,7,-0.81,-0.92
653,1,0.87,1.27
653,2,2.04,2.54
653,3,-0.29,-0.58
653,4,0.19,0.03
653,5,-0.15,0.13
653,6,0.39,0.50
653,7,0.06,0.60
654,1,-0.65,-0.89
654,2,1.62,-0.11
654,3,-0.34,0.17
654,4,-0.73,-0.75
654,5,-1.00,-0.99
654,6,1.25,0.13
654,7,1.47,0.91
655,1,-0.50,-0.46
655,2,-0.94,-0.26
655,3,-0.69,-0.19
655,4,-1.09,-0.24
655,5,-1.18,-0.37
655,6,-0.99,-0.49
655,7,-1.18,-0.50
656,1,0,-0.20
656,2,-0.07,-0.21
656,3,9.67,0.08
656,4,14.07,0.32
656,5,2.16,-0.00
656,6,0.19,-0.14
656,7,-0.27,-0.23
657,1,-0.48,-0.24
657,2,19.36,2.98
657,3,3.00,0.80
657,4,-0.37,-0.21
657,5,0.11,-0.23
657,6,0.96,0.17
657,7,1.04,0.63
658,1,0,-0.36
658,2,-0.46,-0.56
658,3,-0.86,-0.47
658,4,-1.71,-0.56
658,5,-1.16,-0.48
658,6,0.89,0.09
658,7,0.56,0.20
659,1,0,-0.20
659,2,-0.45,-0.32
659,3,-1.36,-0.76
659,4,-1.22,-0.91
659,5,-0.99,-0.50
659,6,-1.32,-0.51
659,7,-0.75,-0.42
660,1,0,-0.40
660,2,0,0
660,3,0,-0.40
660,4,0,-0.33
660,5,0,-0.32
660,6,0,-0.66
660,7,0,-0.61
661,1,0.00,0.34
661,2,0.15,-0.29
661,3,0.62,-0.19
661,4,1.51,-0.18
661,5,1.38,-0.18
661,6,4.65,0.24
661,7,5.59,0.58
662,1,-0.41,-0.36
662,2,-0.58,-0.56
662,3,-0.65,-0.23
662,4,0.48,1.21
662,5,-0.45,-0.17
662,6,-0.49,-0.08
662,7,-0.49,-0.21
663,1,-0.71,-0.44
663,2,-1.04,-0.68
663,3,-1.54,-0.76
663,4,-2.83,-0.79
663,5,-2.08,-0.53
663,6,-0.81,-0.53
663,7,-0.79,-0.50
664,1,0,-0.25
664,2,-0.45,-0.39
664,3,-0.64,-0.57
664,4,-0.87,-0.69
664,5,-0.11,-0.31
664,6,1.18,-0.02
664,7,0.90,-0.12
665,1,-0.82,-0.24
665,2,-0.76,-0.21
665,3,-0.10,-0.02
665,4,0.07,0.16
665,5,0.00,-0.09
665,6,-1.17,-0.51
665,7,-1.31,-0.55
666,1,-0.77,-0.20
666,2,-1.02,-0.25
666,3,-0.72,-0.17
666,4,-0.75,-0.15
666,5,-0.56,-0.03
666,6,-0.58,-0.03
666,7,-0.74,-0.32
667,1,27.60,0.72
667,2,-0.96,-0.25
667,3,-0.85,-0.28
667,4,-0.58,-0.35
667,5,-0.47,-0.37
667,6,0.41,-0.07
667,7,1.54,0.31
668,1,-0.41,-0.45
668,2,-0.53,-0.48
668,3,0.83,0.06
668,4,0.79,1.02
668,5,0.09,0.40
668,6,-0.35,-0.24
668,7,-0.48,-0.57
669,1,0,-0.24
669,2,1.53,-0.07
669,3,-0.71,-0.23
669,4,-0.46,-0.22
669,5,0.11,-0.09
669,6,-0.61,-0.33
669,7,-0.64,-0.51
670,1,-0.46,-0.20
670,2,-0.45,-0.32
670,3,-0.91,-0.73
670,4,-0.38,-0.00
670,5,-0.84,-0.50
670,6,-0.92,-0.32
670,7,-0.92,-0.27
671,1,-0.72,-0.36
671,2,-0.60,-0.31
671,3,-0.45,-0.57
671,4,-0.44,-0.16
671,5,-0.39,0.18
671,6,-0.27,0.27
671,7,-0.36,0.06
672,1,-0.59,-0.25
672,2,-0.45,-0.23
672,3,-0.45,-0.22
672,4,-0.52,-0.29
672,5,-0.52,-0.31
672,6,-0.40,-0.11
672,7,-0.21,0.24
673,1,0,-0.20
673,2,-0.38,-0.24
673,3,0.22,-0.28
673,4,-0.47,-0.37
673,5,0.28,-0.36
673,6,0.22,-0.25
673,7,0.40,-0.19
674,1,0,-0.41
674,2,-0.67,-0.38
674,3,-0.59,-0.63
674,4,-0.10,-0.59
674,5,-0.60,-0.75
674,6,-0.45,-0.74
674,7,-0.44,-0.57
675,1,-0.41,-0.20
675,2,-0.51,-0.24
675,3,-0.45,-0.31
675,4,-0.51,-0.40
675,5,-0.40,-0.23
675,6,-0.34,-0.18
675,7,-0.29,-0.19
676,1,0,-0.28
676,2,0,-0.28
676,3,-0.54,-0.59
676,4,-0.05,0.42
676,5,-0.42,0.73
676,6,-0.46,-0.48
676,7,-0.47,-0.61
677,1,-0.69,-0.20
677,2,-0.73,-0.24
677,3,-0.65,-0.33
677,4,-0.57,-0.39
677,5,-0.64,-0.53
677,6,-0.52,-0.43
677,7,-0.50,-0.39
678,1,-0.70,-0.40
678,2,0,0
678,3,-0.70,-0.40
678,4,-1.69,-1.21
678,5,-0.79,-0.49
678,6,-0.87,-0.62
678,7,-0.82,-0.68
680,1,0,-0.20
680,2,0,-0.24
680,3,-1.44,-0.32
680,4,-0.43,-0.37
680,5,-0.35,-0.49
680,6,1.95,-0.19
680,7,2.20,-0.00
681,1,6.56,8.43
681,2,-0.68,-0.59
681,3,-0.34,-0.01
681,4,-0.86,-0.61
681,5,-0.84,-0.54
681,6,-0.88,-0.75
681,7,-1.12,-0.99
682,1,-0.60,-0.24
682,2,-0.33,-0.43
682,3,-0.73,-0.65
682,4,-0.17,-0.43
682,5,0.27,-0.06
682,6,0.46,0.10
682,7,0.89,0.16
683,1,-0.50,-0.20
683,2,-0.55,-0.20
683,3,-0.58,-0.32
683,4,-0.49,-0.24
683,5,0.70,-0.17
683,6,-1.14,-0.43
683,7,-1.52,-0.48
684,1,0.00,-0.05
684,2,-0.32,-0.01
684,3,-0.88,-0.65
684,4,-2.03,-0.46
684,5,-2.10,-0.51
684,6,-1.27,-0.55
684,7,-1.26,-0.42
685,1,-1.00,-0.36
685,2,-0.65,-0.56
685,3,0.44,-0.29
685,4,-0.39,-1.06
685,5,-1.46,-0.57
685,6,-0.19,-0.55
685,7,-1.56,-0.82
686,1,0,-0.36
686,2,-0.71,-0.56
686,3,-2.79,-1.56
686,4,-1.45,-1.19
686,5,-1.45,-0.73
686,6,-3.68,-0.95
686,7,-2.71,-0.79
687,1,-0.44,-0.20
687,2,-0.46,-0.22
687,3,-0.60,-0.31
687,4,-0.62,-0.19
687,5,-0.68,-0.31
687,6,-0.58,-0.35
687,7,-0.68,-0.38
688,1,0,0
688,2,0,-0.20
688,3,0,-0.27
688,4,-0.96,-0.45
688,5,-1.25,-0.35
688,6,-1.44,-0.69
688,7,-0.91,-0.58
689,1,-0.41,-0.33
689,2,-0.61,-0.68
689,3,-0.41,-0.50
689,4,-0.41,-0.48
689,5,-0.54,-0.34
689,6,-0.75,-0.66
689,7,-0.56,-0.51
690,1,-0.85,-0.42
690,2,-0.50,-0.60
690,3,-0.60,-0.49
690,4,-0.47,-0.46
690,5,-0.48,-0.26
690,6,0.71,-0.10
690,7,2.17,0.05
691,1,2.83,0.12
691,2,-0.59,-0.24
691,3,-0.65,-0.32
691,4,-0.71,-0.33
691,5,-0.49,-0.10
691,6,-0.41,-0.09
691,7,0.03,0.29
692,1,0,-0.11
692,2,2.39,1.29
692,3,-0.00,0.60
692,4,1.09,2.04
692,5,0.50,0.23
692,6,-0.72,-0.50
692,7,-0.89,-0.59
693,1,0,-0.24
693,2,0.35,-0.35
693,3,-3.34,-0.61
693,4,-1.75,-0.70
693,5,-3.19,-0.73
693,6,-1.90,-0.57
693,7,-5.41,-0.60
694,1,0,0
694,2,0,-0.20
694,3,0,-0.27
694,4,-0.70,-0.45
694,5,-1.26,-0.34
694,6,-1.00,-0.59
694,7,-1.03,-0.64
695,1,0,-0.24
695,2,-0.90,-0.44
695,3,1.35,0.10
695,4,-0.23,-0.19
695,5,-0.35,-0.31
695,6,-0.42,-0.18
695,7,-0.60,-0.38
696,1,-0.50,-0.20
696,2,-1.05,-0.32
696,3,-0.63,-0.22
696,4,-0.56,-0.21
696,5,-0.82,-0.26
696,6,-0.08,-0.03
696,7,0.38,0.27
697,1,0,-0.20
697,2,0,-0.24
697,3,-0.55,-0.30
697,4,-0.87,-0.38
697,5,-0.73,-0.49
697,6,-1.62,-0.39
697,7,-2.07,-0.53
698,1,-0.63,-0.22
698,2,-0.61,-0.41
698,3,-0.40,-0.08
698,4,-0.17,0.25
698,5,-0.53,-0.28
698,6,0.22,0.33
698,7,-0.45,-0.25
699,1,0,-0.20
699,2,0.33,-0.13
699,3,-0.72,-0.49
699,4,6.70,5.49
699,5,-0.52,-0.55
699,6,-0.57,-0.54
699,7,-1.15,-0.58
700,1,-0.17,-0.29
700,2,-0.69,-0.26
700,3,-0.82,-0.29
700,4,-0.27,-0.36
700,5,-1.14,-0.47
700,6,-0.81,-0.60
700,7,-0.67,-0.65
701,1,0,-0.20
701,2,-0.50,-0.24
701,3,-1.03,-0.31
701,4,-0.89,-0.39
701,5,-0.95,-0.49
701,6,-0.80,-0.33
701,7,-1.49,-0.48
702,1,0,0
702,2,-0.58,-0.64
702,3,3.15,-0.09
702,4,13.91,11.85
702,5,-0.05,0.36
702,6,-0.47,-0.22
702,7,-0.59,-0.46
703,1,-0.63,-0.33
703,2,-0.55,-0.45
703,3,-0.84,-0.69
703,4,-0.84,-0.40
703,5,-0.77,0.80
703,6,-1.30,0.86
703,7,-1.31,1.04
704,1,-0.50,-0.41
704,2,-0.76,-0.43
704,3,-0.71,-0.28
704,4,0.37,0.17
704,5,-0.66,-0.27
704,6,-0.63,-0.62
704,7,-0.40,-0.54
705,1,0,0.71
705,2,-0.75,-0.68
705,3,-1.10,-0.49
705,4,1.59,-0.42
705,5,1.91,-0.58
705,6,0.19,-0.48
705,7,1.25,-0.06
706,1,0,-0.36
706,2,-0.50,-0.56
706,3,-0.76,-0.98
706,4,-1.13,-0.78
706,5,-0.92,-0.62
706,6,-0.29,-0.08
706,7,-0.53,-0.05
707,1,-0.50,-0.24
707,2,-0.29,-0.12
707,3,-0.90,-0.60
707,4,-0.84,-0.76
707,5,-0.56,-0.49
707,6,-0.47,-0.16
707,7,-0.49,-0.19
708,1,-0.60,-0.50
708,2,-0.88,-0.44
708,3,-0.94,-0.24
708,4,-0.82,-0.22
708,5,-0.91,-0.26
708,6,-1.41,-0.52
708,7,-1.91,-0.61
709,1,0,-0.17
709,2,-0.41,-0.52
709,3,0.94,-0.33
709,4,-0.22,-0.39
709,5,-0.17,-0.30
709,6,-0.46,-0.49
709,7,-0.43,-0.31
710,1,11.05,3.26
710,2,4.78,1.51
710,3,-1.09,-0.86
710,4,6.97,2.42
710,5,0.28,0.06
710,6,-2.09,-0.40
710,7,-2.45,-0.49
711,1,-0.60,-0.33
711,2,-0.10,1.44
711,3,-0.56,-0.21
711,4,-0.07,0.20
711,5,0.84,3.13
711,6,-0.10,3.32
711,7,-0.43,2.81
712,1,-0.78,-0.33
712,2,-0.38,-0.21
712,3,-0.13,-0.15
712,4,-0.11,-0.15
712,5,-0.23,-0.09
712,6,-0.32,0.00
712,7,-0.37,-0.04
713,1,0,-0.24
713,2,-0.91,-0.44
713,3,-1.01,-0.78
713,4,-1.11,-0.70
713,5,-0.15,-0.34
713,6,-0.11,-0.37
713,7,1.02,-0.35
714,1,0.12,-0.13
714,2,2.87,0.49
714,3,5.08,1.03
714,4,4.09,0.35
714,5,4.45,0.72
714,6,0.77,0.13
714,7,1.14,0.58
715,1,0,-0.17
715,2,0,-0.52
715,3,0.52,-0.35
715,4,0.62,0.00
715,5,0.82,-0.05
715,6,1.04,0.07
715,7,-0.64,-0.32
716,1,-0.99,-0.09
716,2,0,0
716,3,-1.07,-0.11
716,4,-0.95,0.21
716,5,-0.75,0.52
716,6,-0.86,0.43
716,7,-0.87,0.30
717,1,0,23.99
717,2,0,-0.41
717,3,0,-0.40
717,4,0,0
717,5,0,0
717,6,0,0
717,7,0,0
719,1,0,0
719,2,0,-0.30
719,3,-0.82,-0.44
719,4,-0.58,-0.80
719,5,-0.18,-0.36
719,6,-0.71,-0.48
719,7,-0.72,-0.42
720,1,-2.00,0
720,2,-3.00,0
720,3,0.38,0
720,4,10.54,0
720,5,-0.42,0
720,6,-1.05,0
720,7,-1.00,0
721,1,0,-0.17
721,2,-0.31,0.00
721,3,-0.77,-0.55
721,4,-0.55,-0.50
721,5,-0.55,-0.40
721,6,-1.01,-0.63
721,7,-0.56,-0.32
722,1,-0.50,0
722,2,0,0
722,3,-0.55,0
722,4,-0.42,1.59
722,5,-0.48,-0.10
722,6,-0.62,-0.32
722,7,-0.64,-0.49
723,1,0,0
723,2,-1.00,-0.64
723,3,-4.50,-0.54
723,4,-1.05,-0.17
723,5,-5.48,-0.87
723,6,-4.85,-0.70
723,7,6.27,-0.37
724,1,0,-0.58
724,2,0,-0.41
724,3,0,-0.40
724,4,0,0
724,5,0,0
724,6,0,0
724,7,0,0
725,1,0,0
725,2,-1.00,-0.30
725,3,0,0.15
725,4,1.50,0.95
725,5,-2.24,-0.37
725,6,-0.98,-0.49
725,7,-1.00,-0.47
726,1,0,0
726,2,-0.71,-0.30
726,3,-0.76,-0.44
726,4,-0.71,-0.80
726,5,-0.72,-0.40
726,6,-0.77,-0.52
726,7,-0.75,-0.46
727,1,-0.45,-0.45
727,2,-0.43,-0.59
727,3,1.57,-0.31
727,4,-0.31,-0.56
727,5,-1.71,-0.62
727,6,-0.56,-0.61
727,7,-0.46,-0.52
728,1,0,-0.89
728,2,0,-1.04
728,3,-0.56,-1.12
728,4,-0.88,-1.84
728,5,0.72,-0.69
728,6,1.96,-0.88
728,7,2.10,-0.81
729,1,5.40,7.96
729,2,0.49,1.21
729,3,0.97,1.36
729,4,1.19,1.29
729,5,6.72,9.21
729,6,9.97,9.50
729,7,8.66,3.24
730,1,0,-0.25
730,2,0,-0.39
730,3,-1.29,-0.63
730,4,-0.56,-0.69
730,5,-2.16,-0.47
730,6,-0.95,-0.75
730,7,-0.77,-0.57
731,1,-0.70,-0.35
731,2,-0.46,-0.22
731,3,-0.51,-1.07
731,4,-0.50,-1.06
731,5,-0.47,-0.42
731,6,-0.47,-0.29
731,7,-0.47,-0.46
732,1,-0.66,-0.24
732,2,-0.06,-0.39
732,3,-0.66,-0.19
732,4,-0.42,-0.29
732,5,-0.15,-0.32
732,6,-0.17,-0.21
732,7,-0.92,-0.44
733,1,0,-0.25
733,2,9.17,0.32
733,3,3.65,-0.20
733,4,0.32,-0.11
733,5,5.15,0.19
733,6,3.70,0.36
733,7,0.72,-0.26
734,1,0,-0.36
734,2,-0.58,-0.56
734,3,-0.35,-0.41
734,4,0.59,0.27
734,5,1.91,-0.35
734,6,-1.21,-0.40
734,7,-0.90,0.01
735,1,-0.50,-0.35
735,2,-0.52,-0.22
735,3,-0.71,-0.53
735,4,-0.94,-0.94
735,5,-1.33,-0.47
735,6,-0.96,-0.42
735,7,-0.19,-0.37
736,1,0,1.66
736,2,45.68,1.15
736,3,191.99,0.51
736,4,57.91,1.48
736,5,39.59,6.49
736,6,40.48,7.11
736,7,52.49,7.23
737,1,-0.62,-0.46
737,2,-0.42,-0.26
737,3,-0.42,-0.23
737,4,-0.40,-0.24
737,5,-0.38,-0.21
737,6,-0.63,-0.37
737,7,-0.78,-0.48
738,1,-0.50,-0.35
738,2,-0.52,-0.22
738,3,-0.91,-0.66
738,4,-1.02,-0.53
738,5,1.03,-0.12
738,6,-0.39,-0.28
738,7,-0.40,-0.29
739,1,-0.60,-0.20
739,2,0.17,0.58
739,3,-0.55,-0.09
739,4,-0.69,-0.22
739,5,-0.57,-0.21
739,6,-0.57,-0.16
739,7,-0.54,0.32
740,1,-0.40,-0.28
740,2,-0.40,-0.28
740,3,-0.47,-0.59
740,4,2.01,2.11
740,5,-0.60,-0.46
740,6,-0.43,-0.51
740,7,-0.33,-0.38
741,1,-0.45,-0.46
741,2,-0.48,-0.26
741,3,-0.52,-0.24
741,4,-0.62,-0.29
741,5,-0.61,-0.44
741,6,-0.79,-0.57
741,7,-0.83,-0.49
742,1,-0.71,-0.45
742,2,-1.16,-0.64
742,3,0.15,1.04
742,4,-0.75,-0.61
742,5,-0.92,-0.62
742,6,-1.99,-0.74
742,7,-1.66,-0.87
743,1,0,0
743,2,0,-0.20
743,3,0,-0.27
743,4,-0.83,-0.36
743,5,0.38,-0.16
743,6,-3.47,0.04
743,7,0.14,0.36
744,1,-0.70,-0.35
744,2,-0.58,-0.60
744,3,0.04,0.06
744,4,0.91,1.60
744,5,-0.50,-0.56
744,6,-0.33,-0.39
744,7,-0.28,-0.21
745,1,0,-0.28
745,2,0,-0.28
745,3,-1.12,-0.59
745,4,-1.79,-1.33
745,5,-1.28,-1.20
745,6,-0.70,-0.50
745,7,0.58,0.12
746,1,1.82,1.07
746,2,0.96,0.48
746,3,2.67,1.17
746,4,4.51,3.05
746,5,2.40,4.48
746,6,0.74,2.37
746,7,0.41,1.73
747,1,0,-0.36
747,2,1.51,0.06
747,3,-0.61,-0.23
747,4,-0.03,-0.21
747,5,0.62,-0.27
747,6,0.33,-0.15
747,7,-0.19,-0.19
748,1,-1.18,-0.50
748,2,-0.17,-0.06
748,3,-0.33,-0.21
748,4,-0.33,-0.19
748,5,-0.24,-0.06
748,6,2.43,0.52
748,7,1.51,-0.15
749,1,-0.55,-0.50
749,2,-0.45,0.06
749,3,-0.36,0.17
749,4,-0.38,0.15
749,5,-0.29,0.64
749,6,-0.67,1.19
749,7,-0.94,0.63
750,1,-0.37,-0.33
750,2,-1.12,-0.57
750,3,-0.74,-0.31
750,4,-1.54,-0.61
750,5,0.13,7.05
750,6,4.29,5.41
750,7,23.65,4.22
751,1,-0.70,-0.50
751,2,-0.11,-0.23
751,3,-0.06,-0.24
751,4,1.39,-0.20
751,5,0.40,-0.37
751,6,-0.19,-0.51
751,7,0.86,-0.24
752,1,-0.66,-0.36
752,2,-0.30,-0.27
752,3,0.49,-0.16
752,4,3.12,-0.14
752,5,0.78,0.16
752,6,0.42,0.01
752,7,-0.34,-0.43
753,1,-0.50,-0.28
753,2,-0.50,-0.28
753,3,-0.33,-0.21
753,4,-0.43,-0.45
753,5,1.18,1.71
753,6,0.08,0.82
753,7,0.24,1.03
754,1,-0.39,-0.36
754,2,-0.62,-0.57
754,3,-0.45,-0.39
754,4,0.42,1.36
754,5,-0.92,-0.35
754,6,-1.13,-0.32
754,7,-0.77,-0.14
755,1,0,-0.20
755,2,0,-0.23
755,3,-0.39,-0.31
755,4,-0.41,-0.33
755,5,-0.41,-0.08
755,6,-0.91,-0.49
755,7,-1.07,-0.46
756,1,0,-0.17
756,2,-0.36,-0.52
756,3,5.41,-0.04
756,4,0.99,-0.24
756,5,2.02,-0.05
756,6,1.17,0.40
756,7,-0.58,-0.31
757,1,0,0
757,2,0,-0.20
757,3,-0.93,-0.27
757,4,-1.58,-0.27
757,5,-1.08,-0.12
757,6,-0.94,-0.09
757,7,-0.42,0.48
758,1,-0.59,-0.50
758,2,0.67,0.02
758,3,-0.63,-0.23
758,4,0.39,-0.17
758,5,0.41,-0.14
758,6,0.51,-0.21
758,7,0.08,-0.28
759,1,9.43,3.08
759,2,2.91,-0.08
759,3,3.81,-0.12
759,4,0.90,-0.18
759,5,0.26,-0.07
759,6,0.12,-0.01
759,7,0.01,-0.15
760,1,-0.57,-0.36
760,2,1.09,0.74
760,3,-0.89,-0.24
760,4,-0.96,-0.24
760,5,-0.65,-0.44
760,6,-0.56,-0.55
760,7,-0.41,-0.36
761,1,0.30,-0.36
761,2,-0.34,-0.46
761,3,1.01,-0.10
761,4,1.56,-0.07
761,5,0.50,-0.02
761,6,0.41,-0.01
761,7,0.90,0.04
762,1,-0.80,-0.41
762,2,-0.15,0.37
762,3,-0.43,-0.37
762,4,-0.57,-0.68
762,5,-0.81,-0.79
762,6,-0.82,-0.70
762,7,-0.56,-0.51
763,1,0,0
763,2,0,0
763,3,0,-0.25
763,4,0.77,-0.33
763,5,0.51,-0.50
763,6,-0.54,-0.54
763,7,-0.45,-0.53
764,1,0.24,-0.13
764,2,-0.57,-0.55
764,3,-0.81,-0.82
764,4,-0.57,-0.59
764,5,-0.34,-0.27
764,6,-0.28,-0.26
764,7,0.24,-0.02
765,1,-0.69,-0.41
765,2,0.11,-0.40
765,3,3.41,1.20
765,4,0.02,-0.22
765,5,0.27,-0.18
765,6,1.04,-0.03
765,7,0.39,-0.26
766,1,0,-0.17
766,2,0,-0.52
766,3,1.47,-0.35
766,4,0.06,-0.20
766,5,-0.55,-0.28
766,6,-0.60,-0.41
766,7,-0.94,-0.31
767,1,-0.63,-0.35
767,2,-0.55,0.16
767,3,-0.53,0.33
767,4,-0.13,-0.07
767,5,0.14,1.65
767,6,0.22,1.51
767,7,1.46,1.95
768,1,-0.45,-0.44
768,2,2.68,-0.13
768,3,-0.27,-0.69
768,4,0.93,-0.26
768,5,0.41,-0.36
768,6,-0.27,-0.46
768,7,-0.31,-0.35
769,1,0.00,0.02
769,2,-0.73,-0.60
769,3,3.36,1.11
769,4,4.95,1.69
769,5,0.48,-0.05
769,6,1.19,-0.01
769,7,0.07,-0.09
770,1,-0.09,0.76
770,2,-0.25,0.38
770,3,0.21,1.42
770,4,-0.06,0.60
770,5,-0.38,-0.12
770,6,-0.28,-0.01
770,7,-0.33,-0.04
771,1,0,-0.28
771,2,0,-0.28
771,3,2.87,-0.02
771,4,1.23,1.17
771,5,0.30,0.38
771,6,0.84,-0.45
771,7,-0.07,-0.61
772,1,-0.45,-0.20
772,2,-0.48,-0.24
772,3,-0.51,-0.32
772,4,-0.65,-0.40
772,5,-0.57,-0.53
772,6,-0.70,-0.54
772,7,-0.73,-0.52
773,1,-0.88,-0.33
773,2,11.79,4.41
773,3,-2.45,-0.10
773,4,-0.93,0.18
773,5,-1.69,-0.38
773,6,-1.72,-0.41
773,7,-0.96,0.08
774,1,-0.58,-0.24
774,2,-0.97,-0.43
774,3,-0.98,-0.59
774,4,-0.75,-0.29
774,5,-0.73,-0.30
774,6,-0.72,-0.25
774,7,-0.68,-0.21
775,1,0,0
775,2,-1.00,-0.64
775,3,-1.04,-0.57
775,4,2.84,-0.45
775,5,-5.57,-1.98
775,6,-1.51,-0.72
775,7,-1.81,-0.53
776,1,0,0
776,2,0,-0.20
776,3,0,-0.27
776,4,-2.33,-0.45
776,5,-19.67,-0.36
776,6,-8.57,-0.77
776,7,-5.25,-0.63
777,1,0,0
777,2,0,-0.20
777,3,0,-0.27
777,4,-0.39,-0.36
777,5,0.24,-0.23
777,6,-0.18,-0.48
777,7,-0.04,-0.42
778,1,0,0
778,2,0,-0.20
778,3,0,-0.27
778,4,-0.69,-0.45
778,5,-0.42,-0.33
778,6,2.40,0.18
778,7,0.56,-0.05
779,1,-0.46,-0.35
779,2,0,-0.22
779,3,0.16,-0.05
779,4,-0.16,-0.62
779,5,0.22,-0.09
779,6,-0.27,-0.29
779,7,-0.60,-0.43
780,1,0,-0.50
780,2,0,0
780,3,1.42,-0.23
780,4,-0.73,-0.45
780,5,-0.56,-0.40
780,6,-2.21,-0.59
780,7,-1.58,-0.68
781,1,6.11,0.90
781,2,-0.38,-0.51
781,3,0.20,-0.15
781,4,-0.54,-0.40
781,5,0.11,-0.18
781,6,-0.77,-0.35
781,7,-0.37,-0.32
782,1,-0.45,-0.35
782,2,-0.45,-0.60
782,3,-0.42,-0.65
782,4,-0.65,-0.89
782,5,-0.26,-0.51
782,6,0.12,-0.28
782,7,-0.17,-0.43
783,1,0,1.43
783,2,14.02,0.34
783,3,25.44,0.22
783,4,27.13,0.41
783,5,12.52,1.02
783,6,11.11,1.41
783,7,14.43,1.87
784,1,-0.58,-0.36
784,2,-0.49,-0.39
784,3,-0.65,-0.54
784,4,-1.80,-0.72
784,5,-0.67,-0.01
784,6,-0.71,0.01
784,7,-0.97,-0.53
785,1,-0.55,-0.46
785,2,-0.58,-0.25
785,3,-0.63,-0.23
785,4,-0.66,-0.24
785,5,-0.67,-0.24
785,6,-0.63,-0.40
785,7,-0.65,-0.52
786,1,4.50,0.14
786,2,10.94,0.19
786,3,1.32,0.54
786,4,0.79,0.29
786,5,4.46,1.10
786,6,7.61,1.48
786,7,10.89,1.09
787,1,1.22,-0.36
787,2,-0.31,-0.32
787,3,-1.17,-0.23
787,4,-0.27,-0.11
787,5,-0.33,0.05
787,6,-0.65,0.03
787,7,-0.61,-0.11
788,1,-0.50,-0.20
788,2,-0.47,-0.16
788,3,-0.59,-0.30
788,4,-0.59,-0.34
788,5,-0.42,-0.14
788,6,-0.35,-0.05
788,7,-0.30,-0.04
789,1,-0.46,-0.42
789,2,1.04,1.22
789,3,-0.62,0.07
789,4,-0.65,-0.10
789,5,0.04,-0.07
789,6,-1.10,-0.26
789,7,-0.91,-0.36
790,1,-0.79,-0.20
790,2,1.75,0.14
790,3,-0.59,-0.16
790,4,-0.79,-0.22
790,5,-0.99,-0.27
790,6,-0.83,-0.67
790,7,-0.93,-0.95
791,1,7.00,-0.08
791,2,4.66,-0.01
791,3,0.53,-0.08
791,4,-0.97,-0.18
791,5,-0.41,-0.18
791,6,-1.14,-0.21
791,7,-0.80,-0.00
792,1,-0.52,-0.36
792,2,-0.04,-0.21
792,3,-0.31,-0.21
792,4,-0.52,-0.20
792,5,1.10,0.28
792,6,1.02,0.19
792,7,0.23,-0.37
793,1,5.20,2.00
793,2,0.21,-0.91
793,3,0.79,-0.63
793,4,0.48,-0.62
793,5,0.42,-0.24
793,6,0.91,0.67
793,7,0.36,-0.10
794,1,-0.58,-0.89
794,2,-0.76,-1.09
794,3,-0.25,-1.12
794,4,-0.09,-1.56
794,5,-0.05,-1.54
794,6,0.14,-1.24
794,7,0.34,-1.12
795,1,-0.50,-0.20
795,2,-0.62,-0.33
795,3,-0.51,-0.21
795,4,-0.52,-0.22
795,5,-0.51,-0.27
795,6,-0.50,-0.43
795,7,-0.48,-0.53
796,1,0,-0.20
796,2,-0.77,-0.33
796,3,-0.65,-0.22
796,4,0.54,-0.19
796,5,-0.20,-0.23
796,6,-0.43,-0.49
796,7,-0.43,-0.64
797,1,-0.50,-0.20
797,2,3.16,-0.04
797,3,7.35,-0.20
797,4,1.35,-0.17
797,5,2.19,0.02
797,6,1.73,0.60
797,7,0.85,0.37
798,1,-0.70,-0.33
798,2,-0.90,-0.26
798,3,-1.09,-0.30
798,4,-1.06,-0.38
798,5,-1.24,-0.47
798,6,-0.79,-0.61
798,7,-0.68,-0.59
799,1,-0.69,-0.33
799,2,-1.57,-0.26
799,3,-0.95,-0.30
799,4,-0.73,-0.37
799,5,-0.87,-0.45
799,6,-0.96,-0.57
799,7,-1.55,-0.64
800,1,-0.53,-0.48
800,2,-0.89,-0.83
800,3,-0.09,-0.54
800,4,-0.81,-2.01
800,5,-0.85,-1.38
800,6,-0.77,-1.11
800,7,-0.97,-1.41
801,1,-0.58,-0.36
801,2,-1.41,-0.56
801,3,-0.53,-0.89
801,4,0.94,-0.43
801,5,2.17,0.13
801,6,-0.26,-0.07
801,7,-1.64,0.00
802,1,0,-0.44
802,2,0,-0.41
802,3,0,-0.40
802,4,0,0
802,5,0,0
802,6,0,0
802,7,0,0
803,1,0,0
803,2,-0.57,-0.30
803,3,-0.31,0.15
803,4,0.23,0.72
803,5,-0.34,-0.23
803,6,1.54,0.89
803,7,10.44,0.14
804,1,-1.60,-0.89
804,2,-0.05,-0.39
804,3,-0.45,-0.82
804,4,0.62,0.15
804,5,0.73,0.44
804,6,0.97,0.63
804,7,0.97,1.06
805,1,0,0
805,2,-0.50,-0.30
805,3,-0.91,-0.44
805,4,-0.50,1.45
805,5,-0.77,-0.33
805,6,-0.64,-0.46
805,7,-0.60,-0.42
806,1,0,0
806,2,0,-0.20
806,3,-0.82,-0.27
806,4,-0.40,0.59
806,5,-0.65,-0.14
806,6,-0.33,1.30
806,7,3.03,0.81
807,1,0,-0.17
807,2,0,-0.52
807,3,-0.56,-0.52
807,4,-0.67,-0.43
807,5,-0.71,-0.41
807,6,-0.62,-0.62
807,7,-0.96,-0.32
808,1,0,0
808,2,-0.45,-0.30
808,3,-0.48,-0.24
808,4,-0.46,-0.80
808,5,-0.65,-0.38
808,6,-0.53,-0.36
808,7,-0.67,-0.37
809,1,0,0
809,2,0,-0.20
809,3,0,-0.27
809,4,5.31,-0.32
809,5,1.64,-0.22
809,6,0.76,-0.09
809,7,5.40,0.82
810,1,0,0
810,2,0,0
810,3,-0.75,-0.70
810,4,-0.70,-0.22
810,5,-0.75,-0.94
810,6,-0.77,-0.90
810,7,-0.67,-0.53
811,1,0,-0.20
811,2,-0.60,-0.32
811,3,-0.48,-0.41
811,4,-0.94,-0.46
811,5,-0.51,-0.19
811,6,-0.32,-0.07
811,7,-0.18,-0.06
812,1,0,0
812,2,0,-0.64
812,3,-0.78,-0.42
812,4,-0.68,-0.05
812,5,5.17,3.16
812,6,33.06,12.31
812,7,177.47,27.68
813,1,0,0
813,2,-0.58,0
813,3,-0.68,-0.51
813,4,-0.89,-0.55
813,5,-0.95,-0.77
813,6,-1.01,-0.53
813,7,-0.53,-0.54
814,1,-0.74,-0.89
814,2,-0.52,-0.30
814,3,-0.97,-0.67
814,4,-0.09,0.26
814,5,-0.65,-0.63
814,6,-1.26,-0.71
814,7,-0.22,-0.06
815,1,-0.66,-0.20
815,2,-0.85,-0.33
815,3,-0.72,-0.21
815,4,-0.72,-0.21
815,5,-0.85,-0.28
815,6,-1.37,-0.56
815,7,-1.14,-0.19
816,1,-0.58,-0.42
816,2,-1.00,-0.60
816,3,0.93,1.59
816,4,0.81,0.94
816,5,-0.35,-0.23
816,6,-0.48,-0.35
816,7,-0.11,-0.36
817,1,-0.50,-0.56
817,2,-0.53,-0.55
817,3,-0.83,-0.51
817,4,-0.80,-0.42
817,5,-1.26,-0.66
817,6,-0.60,-0.13
817,7,-0.38,0.06
818,1,0,-0.25
818,2,2.00,-0.22
818,3,0.18,-0.28
818,4,0.18,-0.36
818,5,0.03,-0.44
818,6,0.26,-0.52
818,7,0.12,-0.54
819,1,0,0
819,2,0,0
819,3,-0.51,-0.51
819,4,-0.64,-0.71
819,5,-0.56,-0.79
819,6,-0.13,-0.32
819,7,-0.33,-0.40
